text,rate
g bsa d buka ya min,0.0
kuota mana kuota,0.0
subsidi kuota mana,0.0
kuota mana kuota min,0.0
kuota min face with tears of joy,0.0
mana kuota min wkwjwk kebury basi ni,0.0
punten kuota,0.0
punten kuota,0.0
kuota mana kuota ini mah keburu uas dulu wkwkwk rolling on the floor laughing,0.0
please buka batch 2 donk udah full utk 300 org,0.0
punten pakett,0.0
subsidi kuota,0.0
kuota manaaa,0.0
kuota nya kapan ya face with rolling eyes,0.0
punten kuota,0.0
kuota mana ya kuota hehe,0.0
ini dapet kuota ga sedih,0.0
kuota mana keburu uas dulu,0.0
kuota mana uy udh ngisi tiga kali loudly crying face,0.0
kuota p p p p p p p p,0.0
saya jadinya ngisi kuota harian selama 5 hari ini ((,0.0
punten kuota,0.0
minta nomer resi kuota dong,0.0
kuota,0.0
kuota nya janji nya gimana min,0.0
punten kuota,0.0
pak kuotanya udah sampe mana,0.0
kuotaku abis wifi indihome trouble mulu (,0.0
mana kuota mana hey hey jangan sampe ini sebatas april mop y face with hand over mouth rolling on the floor laughing masa kalah sama negeri sih kek ub mereka udh dpt loh dan mereka kerjasama dg telkom masa telkom nya sendiri blm kan gk funny y rolling on the floor laughing,0.0
punten kuota,0.0
punten kuota,0.0
samlekum kuota mana kuota oh kuota 300 k katanya manssss niii lurrrrr,0.0
permisi pak kuota kami belum masuk nih,0.0
punten kuota nya mana nich,0.0
,0.0
pak kuotanya kecantol server mana sedih kuotaku udah abis indihom error mulu loudly crying face,0.0
kami butuh kuotaaa,0.0
k u o t a,0.0
,0.0
,0.0
kuota saya mana,0.0
kuota nya mana pak n,0.0
kuota khas telkom universitynya kk,0.0
april mop,0.0
pembelian kartu telkomsel stonks✓,0.0
punten kuota,0.0
punten slur,0.0
rolling on the floor laughing rolling on the floor laughing rolling on the floor laughing rolling on the floor laughing rolling on the floor laughing,0.0
tertypuu wkwkwk,0.0
baca dong akan di transfer setelah tanggal 8 setelah bukan pas tgl 8 jadi kalo setelelah 2022 juga setelah hahhaha kena tipu dia selamat,0.0
kuota manaaa kuotaa manaa dimanaaa woman dancing woman dancing,0.0
dingdingpadingding,0.0
hoaxxxx,0.0
kalo kuota nya lama di denda ngga jadi 500rb,0.0
keburu uas,0.0
sisteuuurrr,0.0
april mop,0.0
assalamualaikum pun10 subsidi turun kapan yakk malu nih lama2 saya numpang wifi tetangga terus loudly crying face loudly crying face loudly crying face,0.0
pulsa kapan pak keburu saya keluar rumah nih dah,0.0
kamj butuh kuotaaaaaaaa,0.0
kuota,0.0
mana pak kuotanya katanya buat belajar tiga bulan tpi ini keburu uas pak saya terkendala kouta karena buat belajar buku2 saya semua diasrama jadi bingung mau bljr apa pun10 sekali pa jangan dibuat malu sama univ negeri yg notabene spp nya murah dan itu pun mereka bekerjasama dg telkom masa kita org telkom kgk blm dpt kan kgk lucu ye face with tears of joy folded hands,0.0
subsidi kuota adalah da real april mop,0.0
punten kuota mana,0.0
kuota kuotaa,0.0
k u o t a,0.0
k u ota,0.0
april mop mampos kelen smirking face,0.0
subsidi kuota mana pak,0.0
kuota pakkkk,0.0
semoga bpp semester depan bayarnya gak full tp tetep dpt tak,0.0
oiya mo subsidi kuota/pulsa kek kampus lain donk h3h3,0.0
tidak ada pemberian kuota gratis,0.0
,0.0
kompensasi kuota kapan min,0.0
,0.0
anjirr tak jama dulu bgt wkwkwkwk,0.0
mana nih subsidi internetnya,0.0
kami butuh subsidi kouta,0.0
subsidi tak ceritanya,0.0
trigi iya woi v,0.0
butuh kouta bukan tak,0.0
nah,0.0
*mmorpg intensifies*,0.0
kirain dapet duit loudly crying face,0.0
subsidi kuota khas bojongsoang nya kakak,0.0
tak dh banyak sini kompensasi kuota aja/pemotongan spp,0.0
kuota kuota,0.0
farming skuy edward yw,0.0
,0.0
krbo,0.0
,0.0
smiling face with heart eyes smiling face with heart eyes smiling face with heart eyes,0.0
cobain noh yang silaban,0.0
maunya kuota gimana dong,0.0
tahh siapa yg masih dan kejar2 tak dulu beaming face with smiling eyes,0.0
kampus lain udah pada gerak ngasih kompensasi kuota atau pemotongan spp sementara telyu dari kemarin cuma student check in doang yg di peratiin,0.0
daily login 100 hari dpt cashback v,0.0
minta fasilitas kuota gratis dari bpp kamiii,0.0
50% bpp lumayan buat kuota,0.0
backhand index pointing up,0.0
kudu we aing meuli bahan keur nugas ka telkom sarua wae kehed jang naon kuliah online,0.0
bpp harus dibalikin 50% kita gapake fasilitasnya dan kuota juga pake duit mahal woy gaadil kalo ga cashback,0.0
mau ngurus input tak gimana min,0.0
mahasiswa pulang ke seluruh penjuru indonesia melalui bandara stasiun terminal di khawatir kan menjadi carrier ke daerah masing2,0.0
ini sih nama nya bukan kuliah online dimana beberapa dosen hanya memberi materi serta tugas yg diberikan dengan rentang waktu yg singkat setiap kuliah online selalu diberi tugas dan jika ingin menanyakan materi ada dosen yg slow respon ada juga yg memberi informasi materi dan tugas pada saat jam perkuliahan tolong lah untuk tugas jangan berlebihan apalagi dengan waktu yg singkat,0.0
fishstreat bandung *promo grab 50%* all menu 16 29 maret 2020 go grab your food thanks,0.0
ini namanya tugas online bukan kuliah online dosen” memberi tugas tanpa dijelaskan lebih dulu yang merdeka disini dosen doangg mahasiswa sengsara,0.0
mulyarasa mbak kantin kantin mulya rasa gimana nih apa masih buka,0.0
mohon maaf sy selaku orgtua ikut khawatir mmg anak diliburkan tp memdpt tugas yg katanya ada tugas kelompok praktikum sbg orgtua khawatir krn anak msh mengerjakan bareng dg teman dan dtg ke kost mskpn tdk tiap hari malah sy jd ngomel gimana kalau jd darah tinggi gara2 ngomel krn melarang anak utk tdk keluar rumah alasan mengerjakan tugas,0.0
tolong mahasiswa diwajibkan pulang dikaji lagi karena mahasiswa telkom berasal dari berbagai daerah diseluruh indonesia maka akan berpotensi virusnya menyebar ke daerah yang belum terkena covid karena kejadian di italia sebelumnya seperti itu warga kota pada pulang ke kampung mereka dan malah menyebarkan virus di kampung mereka padahal belum kena,0.0
bpp di cashback bisa kali ya kuliah online butuh kuota )),0.0
nababan,0.0
libur panjang kau majalaya lah breww,0.0
kembalikan bpp,0.0
punten untuk masalah tugas online yang diberikan dosen tolong dikaji lagi sampe banyaknya gatau mau ngerjain yang mana dulu sudah terlalu penat rasanya liat tugas saking banyaknya disaat kondisi seperti ini seharusnya kita harus lebih menjaga imun dan kesehatan tubuh kita tapi dengan banyak nya tugas dan deadline yang menunggu mengharuskan kami harus menyelesaikan tugas secepatnya agaar tidak mengumpulkan terlambat tapi dengan banyaknya tugas seperti ini mau ga mau kita harus sering begadang gmn mau jaga imun tubuh ketika kita trus menerus ngerjain tugas,0.0
potongan bpp dong min 50% rugi bgt,0.0
telkom gamau kaya universitas veteran yang gak bisa mudik kerumah dikasih makanan cemilan karena udah pada tutup,0.0
gimana ceritanya sidang onlen weary face,0.0
pleading face pleading face pleading face pleading face,0.0
bpp mungkin bisa di diskon 50%,0.0
berarti untuk kp juga diundur atau bagaimana min,0.0
saya kagum telkom university selalu terdepan menyikapi permasalahan ini semoga kita semua dilindungi allah swt aamiin,0.0
"bisa ga buat keputusan kaya ui nilai maksimal b atau gak refund bpp lumayan beli kuota untuk kuliah online "") bener kaya komen2 diatas gak semua mahasiswa punya fasilitas yg sama semoga semua komentar terbaca dan jadi pertimbangan~",0.0
min minta biar kayak ui dong biar dapet b,0.0
cukup bayar bpp 50% ya bahagia,0.0
bisa sidang online,0.0
,0.0
aku anak uin ikut komen ya kak hehe,0.0
dahlah,0.0
hallo bpp gamau di cashback aja,0.0
untuk input tak dan test eprt gimana ya,0.0
kalau disuruh wajib pulang brrti tel u sdh menimbang dong apakah semua mahasiswa di daerahnya mendapatkan koneksi internet yg mumpuni krna tdk semua mahasiswa/mahasiswi tel u itu menengah ke atas dan tdk semua daerah cukup baik koneksi internet di luar tsel krna tdk sedikit ukuran data yg dikirimkan baik tugas maupun praktikum online mohon dikaji ulang bagaimana ttg prakol dan tugas tugas yg diberikan bukannya mengeluh pak tpi kuota jg pake uang pak beli nya kasian org tua udh cape cape bayar bpp mahal dan skrg disuruh beli kuota lagi iya tau ini semua musibah dan ga semuanya mau diposisi ini termasuk pihak kampus tpi tlg dikaji lagi pak utk tgs tgs yg diberikan kalau bs resume saja jgn sampai file file yg berukuran besar yg bs memakan kuota banyak dihadirkan setiap tugas dan praktikum online terimakasih pak,0.0
bpp refund 50% please kita ga make fasilitas itung2 sebagai ganti or subsidi kuota,0.0
dipersilahkan keluhannya ukhti,0.0
ditunggu info mengenai daftar sidang ya min dr prosedur dan sistemnya juga karna pendaftaran sidang juga banyak yg perlu dipersiapkan dan dilengkapi info terkait ini sangat ditunggu terkhusus kami mahasiswa tingkat akhir yg mendapat banyak info simpang siur terkait sidang terima kasih,0.0
bro netflix jangan di blokir blokir gitulah,0.0
ayo keluh kesahnya wkwk essa s,0.0
min izin bertanya perihal de bagaimana ya min apakah kirim file melalui online atau ada cara lain terimakasih folded hands,0.0
bpp di refund sebagian bisa dipertimbangkan harusnya karena bisa dipakai untuk menunjang perkuliahan online tidak semua mahasiswa mempunyai fasilitas yg baik dalam menunjang perkuliahan online contohnya saja dalam hal akses internet sama tolong dikaji lagi perkuliahan online nya masa tiap hari dikasih tugas sedangkan kuliah biasa ga seribet ini tugasnya sedih,0.0
hati hati itu yg pulang kampung selama perjalanannya (di bandara terminal stasiun pesawat bis kereta) paling riskan tetap waspada,0.0
pada lawak semua komentar nya rolling on the floor laughing rolling on the floor laughing rolling on the floor laughing loudly crying face loudly crying face loudly crying face w ngakak jam 10 malam,0.0
punten lur kita teh pusingg euyy tugas banyak lebih2 dari offline geloo helloo omg tralalaa minimal mah atuh nilai ratain kiri atau bpp balik 50% cape akutuh capee tau jadi mahasiswa pusing gini mending jadi sayur lodeh makasihh red heart,0.0
cashback asrama dan bpp( ) wkwkw mn,0.0
aku harap kampusku juga begini disuruh pulang ke rumah masing2 aamiin,0.0
,0.0
bpp diskon 50% sabi kali buat modal pasang wifi dirumah,0.0
nice di suruh mudik donk jelas3 pemerintah bilang jangan mudik thumbs up thumbs up fire fire fire thumbs up thumbs up edukasi,0.0
ih pak tolong dong guarantee keamanan kita yg rantau pulangnya biar ga was was,0.0
kalo ada vest lvl 2 tandain yak,0.0
,0.0
diskon bpp jangan lupa,0.0
ta saya gmn min kalo sidang online (,0.0
untung udah lulus sedih,0.0
untuk yang ta bagaimana data sulit didapatkan ketika situasi seperti ini mohon kebijakannyaa terpaksaa akan menambah jangka waktu,0.0
pak/ibu kuota saya abis 1gb nih perhari demi kulyah onlen subsidi kuota internet sabi kali (,0.0
kalau online bisa dikasi kuota internet dari pihak kampus ga ya (,0.0
untuk program kerja praktek gimana ya min tetap dilaksanakan di juni juli,0.0
punten yang ta gimana yaaaaaaaa,0.0
punten coba biaya bpp nya dialokasikan buat kuota telkomsel gratis ((,0.0
punten slur manawi duit bpp dibalikeun atuh euy 50% urang teu bisa menikmati fasilitas iyeuteh euy kumaha iyeuteh euyyyyy euyy barumah aing miara kucing euy kucingna teu dibawa balik euy lamun paeh kumaha euy,0.0
bagaimana dengan dosen yg susah dihubungi ketika bimbingan soalnya biasanya sy harus datengin langsung jarang banget aktif wanya sedih,0.0
sidangkuuuu (,0.0
punten ini kuliah ongleng ato tugas ongleng yak mumet batt pala melek mulu ampe nama ig gue ganti wksk,0.0
hadu pusing loudly crying face,0.0
pak bu dosen dan kawan kawan ada cashback bpp atau wifi atau kuota,0.0
oiya cepet banget selesai kuliah liat papan tulis,0.0
bpp ga refund nih,0.0
abang2 cilok deket rektorat apakabar ya,0.0
eh bapak yg jual mie tektek masih disana sampe semester depan kan,0.0
jj,0.0
selamat malam izin bertanya apa tidak ada diskon bpp untuk semester ini,0.0
gatau mau seneng atau g bahagia,0.0
apakah untuk eprt ada tes online nya min,0.0
min punten isiin kuota buat kuliah onlen,0.0
bpp refund 50% kali sedih sayang banget asli sedih,0.0
untuk yang magang apakah masih sama dengan surat edaran kemarin,0.0
sidang online tolong di kaji lagi dong ke efektifannya mengingat data yang di persentasikan tidak sedikit dan tergolong butuh waktu yang lama untuk persentasinya dan juga akses internet di beberapa daerah yang belum mumpuni untuk sekelas sidang online dan belum lagi untuk yang tugas akhir berupa karya berwujud bagaimana apakah efektif saran saya lebih baik di tunda untuk sidangnya tidak dengan kondisi yang seperti ini semoga kejadian ini lekas kembali seperti semua stay safe kawan kawan mahasiswa semua,0.0
i dont like this this is bad idea,0.0
gaaak mau dengerin podcast dosen ((((((,0.0
loh yaopo seh,0.0
mantap,0.0
bagaimana yang di kotanya kesusahan cari sinyal apakah ada pengertian,0.0
unila,0.0
tolong bgt ini aku stress bgt kuliah onlen tiap hari dan tiap matkul ada tugas selaluuuu perasaan kuliah oflen ga begini amat cuy loudly crying face loudly crying face loudly crying face loudly crying face loudly crying face loudly crying face loudly crying face loudly crying face loudly crying face,0.0
untuk yang kerja praktek gimana,0.0
apakah ada eprt online min,0.0
sinegri bangoen negri semoga lekas sembuh ibu pertiwi dan kampusku,0.0
kalo minggu ini atau minggu depan bisa ambil motor di parkiran motor gku bisa ga si yakali mau terbengkalai sampe juni loudly crying face loudly crying face,0.0
kalau nanti status waspada sudah berakhir sebelum 29 mei apakah perkuliahan kembali dilaksanakan spt biasa banyak mhs yg mengeluhkan trims,0.0
bisa ga yaaa uang bpp + uang kostan balikk 50% ajaa deh gapapa buat beli ekstra kuota untuk selama dirumah apalagi mahasiswa tingkat akhir cuma skripsian doangg (,0.0
min tolong sampein ke dosen2 ngasih tugas online jangan banyak2 bukannya sakit corona malah sakit kecapean nugas nanti,0.0
,0.0
auto sidang onlen ”) jd sejarah buat cerita ke anak anakku nanti ‘mama dulu sidangnya onlen loh nak seru bangedd’,0.0
cashback 50% doong bpp harusnya 1 1 1,0.0
novendra,0.0
ahmad,0.0
yg ta gmn ya klo online saya rasa sulit susah mengaturnya dr sekian banyak dan akan banyak data yg bolong2 juga kami ga bisa maksimal kenapa ga diundur aja,0.0
terimakasih infonya ya semoga semua dlm lindungannya,0.0
cs sama security gmna minn hehe beaming face with smiling eyes,0.0
syedih,0.0
,0.0
untuk pengambilan ijazah gimana yah min,0.0
nanti kamar kos saya semester depan tumbuh pohon dan tanaman yg lainnya gimana,0.0
terima kasih infonya,0.0
yang mau pulang jangan ego yg diutamakan kalau ngerasa terpapar atau sehat nunggu masa inkubasi selesai sampai 2 minggu jika aman barulah pulang inget ortu dirumah ga lucu kalau terpapar virus yg kita bawa stay safe guys,0.0
hahhhh sidang gimana sidangggg,0.0
,0.0
selamat malam izin bertanya apa untuk pelaksanaan sidang ada pemberitahuan lebih detail,0.0
stay safe,0.0
sebelum pulang pastikan dalam keadaan sehat dan ikuti rapid test covid19,0.0
sia sia dong bayar bpp,0.0
min pertimbangan disuruh pulang apa ya min bukannya jadi tinggi potensi nyebarnya ke daerah daerah,0.0
see u a sleepy face sleepy face sleepy face,0.0
baru semalem ngomong semangat iya flexed biceps light skin tone,0.0
ariyanto rialdi,0.0
mana kuotanya belom dikirim2,0.0
uda tgl 9 kuota blom juga dapet hadeh,0.0
udh tgl 10 pak kuota blm ada masuk pak,0.0
kemana kah subsidi kuota nya sekarang,0.0
cair belom gan chabibi,0.0
hemmm kok belum nyampe juga,0.0
ayo pak disegerakan kuota saya udh mulai habis dan itu mengganggu kegiatan belajar online folded hands folded hands folded hands,0.0
belum sampai pun confused face,0.0
kuota udah abis nih face with tears of joy,0.0
ko blom ada expressionless face,0.0
katanya proses tgl 8 di undur jadi tgl 10 sekarang tanggal 12 mana nih kuota udah mau abis gara gara nungguin kepastian semoga ae ga wacana y bous,0.0
mana kuota loudly crying face,0.0
kok sampai skrg belum ada info apa apa lagi ya pak,0.0
,0.0
kuotanya kok belum masuk ya pak sudah hampir seminggu pak sedih,0.0
mana nih kuota gratis teh mana jow,0.0
eh janji lo mana udah 11 hari nih malah udah makin banyak tugas assestment dan tubes jga dan lu masih blom bagiin subsidi yg kayanya bakal lu bagiin udah kayak politisi aja lu janji palsu,0.0
mana ini subsidi internet nya min,0.0
lama pak,0.0
assalamu'alaikum admin ditunggu segera terima kasih semangat tel u,0.0
saran saya hapus saja videonya pak,0.0
saran mending hapus post ini,0.0
mending berbentuk uang jd yg ga pake wifi bisa untuk di beli yg udh pake wifi bisa buat bantu bayar wifinya buat bulandepan pak kalo kuota doang mah rugi dong yg udh make wifi ga bsa ngerasain 300k dalam bentuk kuota apalagi lg kuota ga bakala kepake klo ga kemana2,0.0
nah gini dong folded hands medium light skin tone,0.0
yang lagi skripsi nasibnya bagaimana pak,0.0
mentahannya aja bisa ga percuma dihutan telkomsel buriq ~,0.0
gak ada subsidi untuk yang gagal wisuda kah pak hehe,0.0
campus its,0.0
kereeeen,0.0
yuk follow dimana kamu bisa bikin kamu lebih bermanfaat dengan mengikuti program kuliah whatsapp gratis,0.0
alhamdulillah terima kasih banyak pak semoga civitas akademika tel u yang beraktivitas baik di kampus ataupun di rumah sehat selalu thumbs up,0.0
,0.0
te warmadewa kapan ya,0.0
kapan realisasinyaa,0.0
semoga untuk semua provider ya pak jangan yang telkomsel aja,0.0
halo denger2 sk nya udh turun dan subsidinya berupa kuota untuk pengguna telkomsel ya lalu solusi nya buat yang tidak pake provider telkomsel gmn ya mohon solusi nya,0.0
pakk saya udh make tsel dari lahir belom berubah dari nomornyaa subsidiin saya 500rb pak buat ngedrakor,0.0
300k di samaratakan ya pak mohon maap nih apakabar penghuni gku lantai 8&9 300k quota banding uang semester para mahasiswa penghuni gku lantai 8&9 sedih sih saya wkwkwkwk rolling on the floor laughing rolling on the floor laughing,0.0
,0.0
hmmm masa cuman yang pake provider telkom pak kan ga semuanya pake kudu banget nih beli kartu lagi cuman buat dpat subsidi sedih,0.0
yhaaaaa maap pak aku bukan pengguna telkomsel ((((,0.0
assalamualaikum pak prof saya ingin bertanya terkait pengambilan ijazah prof apakah ada keringanan untuk pengambilan ijazah untuk alumni yang sudah di luar kota prof dikarenakan orang tua belum mengizinkan untuk ke bandung karena kondisi yang seperti ini prof apakah bisa diwakilkan prof terima kasih prof,0.0
kepada rektor dan mimin yang terhormat,0.0
kepada rektor dan mimin min fliss ini mah sebelum di bagi bagi lewat kuota nih mending dibagi lewat (link aja) karena sudah pasti temen temen telyutizen punya link aja jadi lebih adil upside down face OK hand sekian telyu,0.0
alumni gimana pak,0.0
pak 300 000 nya hanya berlaku buat ruangguru dan tokopedia aja ai kami mana pake aplikasi begituan lagi pak ((,0.0
ini gimana cara claim nya,0.0
mollow akunnya demi 300 rebuw,0.0
kampus org dalam telkomsel nih kwkwkw,0.0
yg pake kartu halo gimana pulsa 300rb nya sedih,0.0
alhamdulillah tinggal pengurangan biaya semester nih h3h3,0.0
manalu chdr,0.0
,0.0
pak alumni dpt subsidi grinning face with sweat kalo gk dpt subsidi kuota bs jg dlm bentuk sembilan bahan pokok didlm bercinta jgn smp kurang satu bisa kurang mesranya agar tiada resah dan bertambah mesra yg diperlukan hanyalah hai sembako cinta,0.0
gimana ni unmuh kok gak ada subsidi,0.0
arraniry official cocok nihh,0.0
mending potong biaya spp untuk semester depan sedih,0.0
mahasiswanya udh pada kaya telkom mah hehe klo subsidinya berupa duit pling dipke yg lain drpd pke kuota maaf klo suudzon tuman haha,0.0
ditunggu,0.0
beiyyyyaa,0.0
bgi warga tk ada subsidiya pak,0.0
buat apaa kuota kalo ujungnyaa jaringan nya tetep jelek,0.0
rann mntp cuy,0.0
subsidi uang semesteran buat yang lagi ta boleh kayaknya pak face with tears of joy,0.0
,0.0
moga via link aja,0.0
unggul 2020 uir enggak min,0.0
mantep nih,0.0
pak alumni juga mau dong pak loudly crying face,0.0
smk engga pak 10 chn,0.0
cara dapetinnya gimana anyone can teach me,0.0
tambahin lagi pak biar makin synirgi bingin nigri pak,0.0
red heart,0.0
fix beli dm sama uc,0.0
puji tuhan folded hands semoga sistem pembagian nya segera di infokan ya pak smiling face,0.0
jgn jgn ngasih kuota gratis ini biar mahasiswa pada gaminta balikin bpp apa ya wkwk,0.0
,0.0
gak ada pengurangan tugas gitu pak,0.0
acie alii,0.0
smk telkom juga butuh pak,0.0
raising hands,0.0
wow coba sama anak kan sama belajar online juga ya beaming face with smiling eyes thumbs up,0.0
otw daftar,0.0
alumni alumni wkskk,0.0
dalam bentuk uang,0.0
tatacara ngasih nya gimana tuh,0.0
kalo ga salah kita masih mahasiswa kan grinning face with sweat rabb 0995 1609,0.0
fire fire fire,0.0
yuk bpp yuk balikin seenggak 30% aja 20% buat kuliah onlen ),0.0
alhamdulillah fire fire,0.0
alhamdulillah aku bisa scroll tiktok sampe puas smiling face with heart eyes smiling face with heart eyes,0.0
atah na we dieu saya mah om keur hayang meser baju band deui,0.0
huhuu haturr nuhun seneng bgt denger kabar ini hehe blm isi kuota ni dirumah gaada wifi boros kuota klo ngerjain tugas loudly crying face smiling face with halo smiling face with halo face with tears of joy face with tears of joy,0.0
tengkyu bapakk,0.0
terimakasih,0.0
pak yg pakai by u bisa jugaaa kaaann plis pak sedih,0.0
et n01r uhuyy woii mantav,0.0
saya ga butuh kuota pak saya butuuh nya nilai a,0.0
kapan nih pembagiannya,0.0
andai voucher grabfood juga,0.0
colek,0.0
colek,0.0
,0.0
reaksi gua pertama kali liat ini grinning squinting face grinning squinting face grinning squinting face grinning squinting face grinning squinting face grinning squinting face reaksi gua ketika sadar ini tanggal berapa loudly crying face loudly crying face loudly crying face loudly crying face loudly crying face loudly crying face,0.0
,0.0
alhamdulillah jadi gak khawatir lagi sama kuota,0.0
pak kalau boleh saran mnding mentahnya aja pak kan kerjasama dg linkaja/ovo/gopay tuh pak hehehe face with hand over mouth,0.0
gimana cara dapetinnya woii,0.0
gaperlu gratis yg penting jaringan nya ga ngeleg aja kalo main ml,0.0
folded hands light skin tone,0.0
diskon bpp dong,0.0
cashback 50% bpp,0.0
mantabb bapak fire,0.0
nuhun nyak,0.0
,0.0
pak kalo uang nya aja sabi ga,0.0
finally tinggal nunggu teknis nya nih gimana mudah mudahan memudahkan,0.0
alhamdulilah,0.0
woman dancing woman dancing woman dancing,0.0
300 ribu selama sebulan cukup pak tapi kalau dua bulan tidak cukup,0.0
,0.0
terimakasih telyuu muach face blowing a kiss,0.0
smiling face with heart eyes smiling face with heart eyes smiling face with heart eyes smiling face with heart eyes smiling face with heart eyes,0.0
awas di pake buat tiktok lu weary face,0.0
pertamina kapan,0.0
,0.0
saran karena kartu yang digunakan oleh mahasiswa berbeda kirimnya ke gopay aja pak jadi nanti ngirimnya ke nomor gopay masing² jadi nanti bisa beli kuota sendiri untuk yang belom punya apk gojek bisa di download dulu,0.0
fire fire fire fire fire,0.0
kirim mentahan aja pak,0.0
saran saya di tunaikan saja pa jangan di kuotakan karena sekarang kondisi darurat yang di perlukan dalam kehidupan berkeluarga itu uang untuk daya mempertahankan kehidupan berkeluarga di rumah dan sisanya beli kuota kami cukupkan karena pekerjaan kami juga terbatas untuk membayar bpp semester nanti juga smiling face folded hands,0.0
kuota dan diamond mobile legend juga boleh pak folded hands folded hands folded hands haturnuhun mantap kampusku,0.0
semoga dalam bentuk tf uang relieved face,0.0
red heart red heart red heart red heart,0.0
two hearts two hearts two hearts,0.0
mau juga pak bu rumah saya ga ada wifi sedih,0.0
allhamdulillah,0.0
jangan tanya apa kampus berikan padamu tanyakan apa yang telah kamu berikan pada kampusmu,0.0
pak mentahannya aja gabisa,0.0
mantul,0.0
pakk tolong diperpanjangg pembagiannya yaaa sampe saya masuk kuliah loudly crying face biar virusnya aja yg cepet beres frowning face,0.0
,0.0
skripsi gmn pak hehe arief,0.0
terima kasih pak adiwijaya dipakai buat belajar ya dek jangan buat push rank tik tok dan mantap2,0.0
nhunn pak rektor pamugi sing barokah kangge urang sadayana folded hands,0.0
luv u tel u red heart smiling face with smiling eyes,0.0
direktorat kemahasiswaan yg mana,0.0
buat belajar yaa bukan mabar,0.0
bpp juga dipotong dong,0.0
kampus kita negeri tapi (isi sendiri) sharella alfatriana puspitaa,0.0
maap pak punten subsidinya kalo bisa sama diskon bpp semester depan semester ini hanya bates uts lah gak lama dari situ indonesia di timpa musibah saya bedoa semoga ada kebijakan finansial yg bisa membuat mahasiswa merasa terbantu akan hal itu pak semoga kebijakan telkom university tepat ') folded hands,0.0
pak gimana masalah pa atau skripsi pak,0.0
wuihh,0.0
haturnuhun pak folded hands,0.0
gimana cara ngambil kuotanya pak folded hands,0.0
org ini gausah dikasih pa gapernah kuliah online soalnya,0.0
ayo adik2 kuliah di telyu juga,0.0
enak kieu eung apakabar grinning face with smiling eyes,0.0
uhuuuyyyy smiling face with heart eyes smiling face with heart eyes smiling face with heart eyes smiling face with heart eyes,0.0
yeey dapat jii,0.0
pengguna halo apa kabar upside down face,0.0
,0.0
kampus sultan mah beda ya ') ini nih mantan anak sultan surya,0.0
,0.0
fire fire fire fire,0.0
alhamdulillah bapak makasih banyaak raising hands raising hands,0.0
emaaaang mantap maaciw pak rektor heart suit,0.0
alhamdulillah,0.0
untuk yg baru jadi alumni baruuu banget gimana pak,0.0
allhamdulillah di home tak da wifi loudly crying face,0.0
pa refund comvit buat anak akuntansi’18 juga jadi 100% dong pa yakali dari 5jt cuman balik setengahnya pak loudly crying face loudly crying face kasian nih seangkatan rugi banyakkkk,0.0
terimakasih,0.0
trus itu gimana prosesnya,0.0
pak kita ga dapet jugaa pak loudly crying face loudly crying face,0.0
semoga bisa ta dengan lancar guys,0.0
mangat tel u,0.0
kampus gw red heart red heart red heart,0.0
beranda tiktok full sama anak telyu fire,0.0
mantep nih,0.0
,0.0
alhamdulillah bisa mabar,0.0
mantap gan teruskan gan rame amat gan,0.0
nah gitu donkkk,0.0
mantapss betulll smiling face with heart eyes,0.0
pak makasih tapi uangnya aja dong pak boleh ga,0.0
uish mantapppp paaak red heart,0.0
ah ini yg ditunggu,0.0
alhamdulillah,0.0
pas banget butuh bulanan,0.0
sangat membantu pak folded hands,0.0
mantab alumni dapet juga ga pak face with tears of joy,0.0
mantap makasih pak folded hands,0.0
transfer aja pak,0.0
alhamdulillah,0.0
kalau di rumah udah langganan wifi kuotanya mubazir dong ((,0.0
ite,0.0
bisa belajar lewat zoom sesuka kalian hehe,0.0
boleh minta mentah nya gak ya,0.0
alhamdulillah dapet 300k dari bpp 50% wwkakwkak lumayan buat nonton streaming film ),0.0
haruslah dikasih subsidi kita bayar mahal gaes ingat tuh,0.0
,0.0
cara dapetnya gmmn (,0.0
bisa dipake buat sidang online,0.0
firmansyah cash aja pak katanya,0.0
ditunggu sistem dalam pembagiannya seperti apa ya pak relieved face,0.0
lebih bijak kalau sistem kuliah online dengan menambahkan fitur /fungsi di website igracias jadi semua info dapat terintegrasi tanpa adanya distrupsi dari kelemahan applikasi ‘third party’ mohon dipertimbangkan terima kasih folded hands,0.0
,0.0
nah ara manfate len rupene kampus ni ari gep,0.0
dipake buat kuliah ya jangan buat vc aannnnn grimacing face grimacing face,0.0
alhamdulillah ya allah semoga terealisasikan segera pak kuota internet abis gara2 presentasi teruss video call nyari bahan kuliah hmmm,0.0
tetep uang bpp sih dibalikin 50%,0.0
moga mahasiswa bijak terhadap penggunaan subsidi yg akan diberikan folded hands,0.0
mantull,0.0
april mop,0.0
black heart,0.0
i love you pak,0.0
ini sih bukan studying from home kalo telkom tapi emang work from home mahasiswanya juga,0.0
mantapppp,0.0
bentuknya mentahan aja ya pak ehehehehe grinning squinting face,0.0
makasih bapa rektor folded hands light skin tone,0.0
alhamdulillah dikabulkan terima kasih kebijakannya ya pak rektor red heart,0.0
maunya uang,0.0
kapan cairnya min,0.0
terbaiqueee loudly crying face red heart,0.0
man2l sign of the horns,0.0
thumbs up thumbs up thumbs up thumbs up thumbs up,0.0
kan gini enak jadi semangat,0.0
,0.0
alhamdulillah thumbs up,0.0
smk nya enggak,0.0
yeaaayyyy fire,0.0
makassar poltekatim,0.0
terimakasih pak telah mendengarkan kouta sekarat kami haha,0.0
guenakanlah buat yang bagus bagus nak,0.0
asekkkk,0.0
mentahan aja yaa hehe,0.0
wohooooow fire fire,0.0
mantaappp,0.0
apakabar buat alumni gagal wisuda pak wkwk,0.0
i love kampuskuhh,0.0
fire fire fire fire fire,0.0
red heart red heart red heart red heart,0.0
paket sembako aja padahal,0.0
jazakallah pak adi,0.0
mantip bingitttt telkom,0.0
ahh yg benengg,0.0
mantap bapak red heart sparkles,0.0
wooppp fire fire,0.0
alhamdulillah grinning squinting face,0.0
boleh buat maen cod ga pa,0.0
aku cinta almamaterku bahagia,0.0
tf ke dana aja klo bisa,0.0
ya allah terimakasih loudly crying face,0.0
mantap,0.0
dihh enakk,0.0
nah ini nih yg gua tunggu2,0.0
terharuuu akhirnya ada yang gratis di telkom university crying face crying face,0.0
pak 300rb saldo link aj,0.0
gausah kuota pak buat saya mah subsidi tak aja ikhlas saya loudly crying face,0.0
pakk mohon spotify dan netflix premium juga disubsidikan selama masa kuliah online folded hands,0.0
kalau subsisi nya langsung kuota 150 gb dalam 6 bulan asik tu,0.0
sayang bapa rektor pokonya face blowing a kiss,0.0
alumni engk ya face with hand over mouth face with hand over mouth,0.0
bersinergi untuk membangun negeri fire fire fire,0.0
buat alumni dong minnnnnn,0.0
pak ini bukan giveaway kan,0.0
cinta deh red heart,0.0
alhamdulillah,0.0
subsidi sebanyak banyaknyaa paakk sebayar kuliahnya jugaa paaak,0.0
alhamdulillah thumbs up mantap pak,0.0
ada opsi wifi dibayarin juga ga pa saya pake provider xl sedih,0.0
terimakasih pa saya sangat terbantu dengan subsidi dari telkom dan dapat melancarkan push rank dan online class saya hehe,0.0
red heart red heart red heart,0.0
alumninyaaa juga gak pak,0.0
mantap pak rektor,0.0
saik,0.0
,0.0
keren pak tapi saya sudah lulus hehe,0.0
sabrimas hore hore,0.0
mantap,0.0
terimakasihh pak rektor folded hands light skin tone,0.0
kouta unlimited pak,0.0
3 juta pak ah,0.0
mantabb folded hands,0.0
zeeeeeh 300k cu,0.0
senang ko,0.0
huhuy,0.0
red heart red heart red heart,0.0
lumayan,0.0
alhamdulillah folded hands folded hands,0.0
gayeng pak,0.0
,0.0
cara ngasih subsidinya gimna ya,0.0
sing main main,0.0
terimakasih bapakk fire red heart,0.0
lumayan lahh wkwkwkwk,0.0
,0.0
alhamdulillah terimakasih bapak red heart,0.0
pak bisa dijadiin cash pb ga,0.0
rektor it telkom,0.0
pak jangan bilang april mop ),0.0
jangan sampe ada yang jual lagi ya wkwk,0.0
makasiii banyak bapaakk revolving hearts,0.0
alhamdulillah folded hands doa anak sholehah,0.0
alhamdulillah,0.0
punten pak bpp heheee,0.0
awas aja kalo 300rb bentuk kuota yang bagian elearning doang pak punten untuk zoom dll itu gabisa pake kuota elearning pak,0.0
dalam bentuk apa ni transfer kuota atau diberikan materi beaming face with smiling eyes,0.0
mentahan nya aja yuk pak folded hands light skin tone,0.0
uhuy,0.0
heart suit,0.0
makasih bapak rektor btw cara ngeklaimnya gimana pak,0.0
beating heart beating heart,0.0
linkaja sih,0.0
alumni dapet nga ya,0.0
300k sampe mei,0.0
maaauuuuu,0.0
jadi semangat belajar hugging face red heart,0.0
tapi providernya telkomsel hiyahiyahiya,0.0
082127380801 silahkan diisi pak folded hands,0.0
terimakasih banyak sangat suportif dan solutif fire fire fire,0.0
duit ajaa dongg,0.0
alhamdulillah,0.0
puji tuhan handshake,0.0
clapping hands clapping hands clapping hands,0.0
seneng loudly crying face loudly crying face,0.0
pake link aja please biar bisa di tf ke atm face with rolling eyes relieved face,0.0
amar rd minta tuker aja,0.0
@ ayusername,0.0
subsidinya sampe bulan apa yaa,0.0
pak adhi klo bisa subsidinya ditransfer aja pak takutnya subsidinya berupa kuota pada pengguna telkomsel jadi selain dari telkomsel nnti tidak bisa dipake pak,0.0
kirain bakal ada pengembalian uang bpp 50% pak pensive face,0.0
alhamdulillah,0.0
red heart red heart,0.0
@ adibwcksn adib wicaksono pake indosat pakkk yawloh parah ni irhamni fitra,0.0
family nihh,0.0
presentasi ampe sore dah abis kuota 300rb luthfi,0.0
smiling face with heart eyes smiling face with heart eyes smiling face with heart eyes smiling face with heart eyes,0.0
yeyeyeye,0.0
loginn loginnnn rankedddd,0.0
mantap red heart,0.0
lumayan lah ya alhamdulillah,0.0
trus gimana caranya itu wkwk,0.0
kuliah cuman 2 bulan ga full satu semester mending bpp di kembaliin 50% pak folded hands,0.0
mending subsidi indihome,0.0
alhamdulillah smiling face with heart eyes,0.0
bukan april mop kan,0.0
alhamdulillah beating heart,0.0
ckckckckkckckcj,0.0
uwuw,0.0
manttuuul,0.0
alhamdulillah mantap pak terima kasih,0.0
ukt ngga ada cashback pak,0.0
punteenn wkwk,0.0
alhamdulillah semoga lekas pulih beaming face with smiling eyes,0.0
alhamdulillah terimakasi tel u red heart,0.0
folded hands,0.0
% boo,0.0
terimakasih telah membuat grup² kita rame,0.0
pasangin wifi bisa mereun sekalian beaming face with smiling eyes terimakasih telyu semoga segera ter realisasikan ya red heart sparkles,0.0
jgn buat streaming drakor yaa,0.0
alhamdulillahh yellow heart yellow heart,0.0
alhamdulillah,0.0
terima kasih pak rektor red heart,0.0
semoga ada subsidi nilai folded hands,0.0
cashback bpp 50% aja pak folded hands,0.0
jadi sayang,0.0
wah udah april nih teman2 ada kabar gembira ni setelah mendapat kuota aku akan rajinnn belajar neyy,0.0
,0.0
asik telkom ngasih juga akhirnya dan lebih besar pula dari univ lain wkwkwk,0.0
,0.0
mentahannya aja pak,0.0
alhamdulillah,0.0
alhamdulillahh,0.0
cara claim nya gmn dah,0.0
alhamdulillah makasih bapak,0.0
pak tolong subsidinya mentahnya aja ya sedih,0.0
tah kieu,0.0
ditunggu kabarny bpk rektor buat cashback bpp nya thumbs up,0.0
semoga diduitin,0.0
alhamdulilah,0.0
waah mantapp makin semangat belajar nih jadinya pak 3,0.0
alhamdulillah terimakasih pak rektor,0.0
alhamdulillah loudly crying face thumbs up,0.0
rektor panutan beri dia beberapa periode lagi bung handshake,0.0
rame ya enjoy boi,0.0
bukannya masih 2 bulan lagi ya pak sampai 29 mei folded hands,0.0
smiling face with halo smiling face with halo,0.0
ga sekalian cashback bpp pak lumayan buat bayar kosan semester depan loudly crying face,0.0
suka nih yg gini gini nih,0.0
mau dikasih duit nya atau kuota nya sangat membantu sekali pak hatur nuhun folded hands,0.0
kalo bisa skalian kasi wifi ke stiap mahasiswa ya pak makasi,0.0
mantap pren,0.0
alhamdulillah,0.0
kerenn fire,0.0
semoga ke semua operator ya pak sad but relieved face sad but relieved face,0.0
pak boleh ga di cairin aja duit nya soalnya wifi rmh masih aman heheheeheh,0.0
terimakasih pakk,0.0
alhamdulillah folded hands,0.0
fix aku cinta telkom red heart red heart red heart red heart,0.0
makasih bapak clapping hands,0.0
300k/ perbulan setuju like supaya pak adi ngeliat,0.0
pak bisa dijadiin gopay aja ga,0.0
ujiannya semoga ga dipersulit karna tugas sudah banyak sekali folded hands,0.0
soy soy soy,0.0
wiii alhamdulillah,0.0
terima kasih bapak rektor folded hands folded hands,0.0
maksih pakkk dapet salam dari temen saya anak upi wkwkwk,0.0
alhamdulillah,0.0
alhamdulillah,0.0
please mentahan dong biar bebas milih kuota apa )),0.0
sukak deeeh face blowing a kiss face blowing a kiss,0.0
perbulan apa gimana nih pak bahagia,0.0
akhirnyaaaa 14,0.0
dipake belajar ya jangan buat lihat drakor fire fire,0.0
sampe agustus kan pak hehe,0.0
alhamdulillah pak rektor terimakasiiiii folded hands folded hands folded hands raising hands raising hands,0.0
alhamdulillah terima kasih telyu folded hands,0.0
anjay bat telyu,0.0
bisa di uangkan aja ga pak slightly smiling face,0.0
akhirnya face with tears of joy,0.0
red heart red heart,0.0
mantap,0.0
terima kasih bapak,0.0
300rb per bulan kan pak smiling face with heart eyes red heart,0.0
pleading face black heart,0.0
alhamdulilah,0.0
,0.0
300k 69gb byu,0.0
akhirnyaaa,0.0
makin sayang sama bapa red heart red heart red heart red heart,0.0
jadi makin semangat belajar,0.0
mantap sinergi bangun negri fire,0.0
prabowo,0.0
dipake yg bener ayok woi pubg kitaaa,0.0
alhamdulillah keren smiling face with heart eyes,0.0
jadi semangat belajar,0.0
cara dapetinnya gimana,0.0
kirim ke norek lgsg ya dirumah ada wifi jd gaguna (,0.0
red heart red heart red heart,0.0
red heart red heart red heart red heart red heart red heart,0.0
hey mantap,0.0
punten bapak terkait beasiswa prestasi tahun ini kira kira cair kapan ya pak tahun lalu beasiswa cair bersamaan dengan pengumuman mahasiswa berprestasi (kisaran bulan februari maret) sedangkan tahun ini sampai hari ini belum ada kabar mohon segera di proses pak kami yang angkatan 2016 sudah mau lulus,0.0
pa assalamualaikum mon maap sy pke indosat bukan telkomsel jd plis smoga dpt ya pa loudly crying face folded hands,0.0
keren bgt kampusku red heart smiling face with heart eyes,0.0
pak saya barusan langganan indihome mahal2 buat sfh eh malah ada subsidi kayak begini loudly crying face,0.0
asikkk,0.0
pak jangan kuota dong duit jajan aja soalnya d rumah ga d kasi duit jajann,0.0
alhamdulillah smiling face with heart eyes,0.0
di tunggu pembuktian nya pak biar bukan hanya omongan folded hands folded hands folded hands,0.0
fr mantab nggak tu,0.0
yeayyyy face blowing a kiss,0.0
semoga dalam bentuk duit ya gais yoshua,0.0
pramadhan,0.0
takbiirrrr,0.0
bahagia,0.0
alhamdulillah akhinya face with tears of joy,0.0
kasian dah ga dapet lu,0.0
fix lgsung daftar s2,0.0
aku bakal rajin kelas online ga misuh misuh lg ehe,0.0
tuhh biar ga berkurang sinamot lumayan hahah sitoruss,0.0
amal tuh din wkwk,0.0
diganti jadi pasang wifi bisa kali ya,0.0
saya pake wifi pak dirumah sedih sia sia dong kuota nya ((,0.0
alhamdulillah makasih pak adhi,0.0
red heart red heart,0.0
alhamdulillahhh red heart,0.0
mau duitnya boleh ga pak loudly crying face loudly crying face loudly crying face,0.0
ihiyyyy smiling face with heart eyes,0.0
aku semangat sekali,0.0
tjintaaa telyu red heart,0.0
horeeee,0.0
alhamdulillah smiling face with halo,0.0
suka nih yang kayak gini,0.0
gokilllll oncoming fist light skin tone,0.0
nihh,0.0
siap pak roger,0.0
alhamdulillah,0.0
perbulan kan pak wkwkwkwkwkkwwkkwkwkw,0.0
300k / bulan kan pak,0.0
black heart,0.0
alhamdulillah,0.0
kata bang bisa beli skin,0.0
semangat 04nh black heart,0.0
alhamdulillahhh loudly crying face loudly crying face fire fire fire,0.0
alhamdulillahhh,0.0
semoga dlm bentuk mentahan folded hands,0.0
alhamdulillah folded hands,0.0
kang ady 2 periode thumbs up,0.0
loudly crying face loudly crying face,0.0
sekalian pak spp di kasih keringanan,0.0
semoga bisa berupa saldo link aja soalnya saya pake kartu halo,0.0
selamat,0.0
alhamdulillah terimakasih karena membantu sekali,0.0
itu perbulan atau gimana yah wkwk,0.0
alhamdulillah red heart,0.0
300rb sebulan kan pak star struck zany face,0.0
mantul folded hands fire,0.0
alhamdulillah jangan dipake buat nonton drama yah bee rolling on the floor laughing,0.0
k p prasetyo,0.0
masih berharap cashback wkwk,0.0
alhamdulillah lumayan,0.0
ditunggu regulasi pemberian kuotanya ya pakk folded hands,0.0
jgn lupa wajib kartu perdana telkomsel ya wkwkwowk,0.0
nah gitu dong fire,0.0
itulahhhh relieved face,0.0
tau aja kalo gaada duit sedih,0.0
love you face blowing a kiss,0.0
dicairin lewat linkaja plz,0.0
alhamdulillah folded hands light skin tone,0.0
riezki,0.0
ijazah dong min dibagikan kapan,0.0
makasih bapak smiling face with halo,0.0
pak yang ngga bisa pulang subsidiin bahan pokok juga pak face with tears of joy,0.0
puji tuhan loudly crying face,0.0
mantap pak,0.0
im feeling good,0.0
,0.0
alhamdulillah haturnuhun pak rektor haturnuhun tel u folded hands,0.0
alhamdulillah terima kasih kampus ku red heart,0.0
mantab pisan hatur nuhun pak rektor,0.0
alhamdulillah terima kasih telkom,0.0
alhamdulillahhhh,0.0
semoga bayar semesteran per sks fire fire fire,0.0
trimakasih telkom red heart red heart,0.0
lope bgt sama telyu,0.0
wee terbaiiiqqq,0.0
alhamdulillah,0.0
tp gatau gmn caranya,0.0
terimakasihhh,0.0
yuhuwww,0.0
timakasiyyy,0.0
semoga ga dalam bentuk kuota soalnya disini telkomsel jele sinyalnya loudly crying face,0.0
mantap jiwaaaa,0.0
akhirnya doa kita terdengar,0.0
aw mantap sekali smiling face with heart eyes,0.0
pak alumni dapat juga gak nih pak hahahaha,0.0
mantap tel u,0.0
kuota,0.0
alhamdulillaaah makasih pak red heart,0.0
alhamdulilah folded hands,0.0
akhirnya vn,0.0
nahh etaa,0.0
saatnya mengucap alhamdulillah,0.0
fire fire fire fire,0.0
terima kasih pak folded hands,0.0
alhamdulillah smiling cat face with heart eyes smiling cat face with heart eyes,0.0
folded hands folded hands folded hands,0.0
gimana bang caranya,0.0
terima ksh red heart red heart folded hands,0.0
mantap,0.0
alhamdulillah,0.0
wuih mantap,0.0
yeyyy wkwkkwkw,0.0
alhamdulillah terimakasih pak rektor,0.0
yeyy wkkwkw,0.0
mantap pak terimakasih folded hands,0.0
alhamdulillah terima kasih pak rektor folded hands folded hands,0.0
waw 300k dong,0.0
hatur nuhun,0.0
makasihhh telkom dan bapak rektorr red heart red heart red heart loudly crying face loudly crying face,0.0
smoga brupa duid bkn berupa lupta,0.0
a w putri,0.0
ini ya,0.0
akhirnya raising hands,0.0
terimakasi bapak rektor beserta jajarannya insya allah sangat bermanfaat raising hands fire,0.0
ini baru kampus world class,0.0
bangggaaaa nya aku kissing face with closed eyes fire,0.0
i love u telkom,0.0
semoga kedepannya ada pengembalian sebagian biaya kuliah semester genap ini face with tears of joy,0.0
mantaabb nuhun pakk,0.0
hatur nuhun semoga sehat selalu,0.0
gokil,0.0
dimulai dari bulan kapan ya per bulan,0.0
fire,0.0
wahh terimakasih bapak rektor folded hands light skin tone akhirnya temen saya bisa sidang onlen tanpa ngelag,0.0
alhamdulilah,0.0
face with tears of joy face with tears of joy face with tears of joy makasih pak face with tears of joy face with tears of joy,0.0
300rb kurang gasiii (,0.0
mantap download apa ni,0.0
wiii terima kasih telkom smiling face with 3 hearts folded hands light skin tone,0.0
yek,0.0
300k per bulan apa sampe mei nih tapi alhamdulilah huhuy,0.0
,0.0
mantap pak,0.0
loudly crying face,0.0
,0.0
,0.0
terima kasih bapak rektor,0.0
ehhhmmmmmmm beaming face with smiling eyes beaming face with smiling eyes,0.0
buat bayar wifi,0.0
tau aja gak dapet uang bulanan black heart black heart black heart black heart black heart black heart black heart,0.0
iraha ieu euyyy menang na,0.0
mayan nih luthfi s,0.0
semoga bpp diskon juga downcast face with sweat,0.0
nyen bani mapas,0.0
telkom maha mendengar mahasiswanya lanjutkan pak raising hands,0.0
akhirnya,0.0
mantap beaming face with smiling eyes beaming face with smiling eyes beaming face with smiling eyes,0.0
ini dikasih nya berbentuk mentahan apa berbentuk kuoata yaa hahahahha,0.0
fire,0.0
thank u bapa rektor,0.0
makasih bapak red heart sehat selalu,0.0
red heart red heart red heart red heart,0.0
wis keh wis,0.0
loudly crying face purple heart,0.0
terimakasih kampusku red heart,0.0
kr dewandari,0.0
kapan dkasihnya,0.0
akhirnya alhamdulillah makasih loudly crying face loudly crying face loudly crying face,0.0
fire,0.0
mantap,0.0
alhamdulillah,0.0
uhuyyyy,0.0
muantul,0.0
aa punten,0.0
alhamdulillah,0.0
semoga teknisnya bukan dalam bentuk kuota karena tidak semua mahasiswa menggunakan provider dari telkom folded hands medium dark skin tone,0.0
alhamdulillah,0.0
tuhh wkwkw,0.0
telkom the best OK hand light skin tone,0.0
alhamdulillah trimksh bpk rektor folded hands folded hands folded hands folded hands,0.0
,0.0
dipakai belajar ya bukan buat pubg yikyok sama ml tuman,0.0
alhamdulillah folded hands,0.0
thank youuu telkomm red heart red heart,0.0
alhamdulillah ada subsidi semoga kedepan ada subsidi ukt yaa,0.0
,0.0
red heart,0.0
300k 34gb telkom,0.0
mantaaap,0.0
huaaaaaaaaaaaaa,0.0
seneng banget ”) aku jd rajin belajarnih skrgg,0.0
siapp fire red heart,0.0
akhirnya thumbs up light skin tone thumbs up light skin tone thumbs up light skin tone thumbs up light skin tone grinning face grinning face grinning face,0.0
fire,0.0
sehat sehat semuanyaa folded hands,0.0
a6 a6 telu jaya,0.0
mantab fire fire fire,0.0
mantap pak rektor,0.0
semangat kuliah kawan kawan enak tuh dapat subsidi internet dari kampus smiling face with smiling eyes folded hands cocok kam rasa siregar,0.0
alhamdulillah,0.0
terima kasih bapak rektor folded hands light skin tone,0.0
thumbs up light skin tone thumbs up light skin tone fire fire,0.0
s,0.0
orange heart orange heart,0.0
alhamdulillah folded hands,0.0
alhamdulillah terima kasih tel u red heart red heart,0.0
mantap,0.0
alhamdulillah,0.0
mantap folded hands,0.0
barakallaahhh sparkles,0.0
,0.0
mantap bapak,0.0
di kasih nya kapan ni,0.0
alhamdulillah akhirnyaaaa makasih telkom,0.0
,0.0
mantap euyy,0.0
udah tanggal 8 nih min tapi belum masuk juga folded hands light skin tone,0.0
enak dong,0.0
,0.0
kok belum dapet ya sampe skrg realisasi ny kapan,0.0
pak katanya tanggal 10 april ini mau dikasih kok gk ada masuk2 pak,0.0
pak katanya tanggal 10 april ini mau dikasih kok gk ada masuk2 pak,0.0
kemana nih janjinya kok ngilang,0.0
ini tanggal 11 kuotanya masih blm ada apakabar telkom,0.0
ga taunya april mop ambyar langsung wkwk,0.0
lama,0.0
mohon info selanjutnya pak perihal kapan pulsa ini diberikan kpd mahasiswa kami semua menunggu,0.0
sudah satu minggu setelah postingan ini muncul hanya muncul saja ya pak gak di kasih kejelasan lg,0.0
mana nih realisasinya ko lama banget udah seminggu lebih loh,0.0
april mop nih sedih,0.0
halo kapan nih di kirim subsidinya udh mau asessment nih,0.0
katanya realisasi sampe tgl 10 tapi kami masih belum menerima terus pakk,0.0
tel u mana nih kuota nya ganyampe nyampe (,0.0
kak untuk provder by u gimana ya kan itu sama sama dari telkomsel tuh slightly frowning face di informasi dari fakultas perihal ketidak sesuaian no hp juga nama dan no hp saya tidak ada berarti bisa dong by u dapet subsidi,0.0
aduh kok belum dapat2 ya,0.0
gimana nih min belum terealisasikan,0.0
pak by u juga donggggggg,0.0
heart suit heart suit fire fire fire,0.0
pak saldo link aja rolling on the floor laughing,0.0
ini cara ngeclaimnya gimana ya,0.0
kalo pakai wifi gimana rolling on the floor laughing,0.0
mending saldo link aja buat langsung beli kuota bisa san pengguna provider lain atau wifi juga bisa '),0.0
linkaja dong pak,0.0
udah di update cuma kok ga msuk juga yak,0.0
pak mentahan nya aja deh pak karena saya pake tri sedih,0.0
kapan nih bisa di claim,0.0
malang kapan nih subsidi pulsa loudly crying face loudly crying face,0.0
sedih bgt terakhir deadline kemaren baru mau beli kartunya crying face saatnya mengiklaskan 300k q crying face clapping hands,0.0
kasian bgt yang provider nya bukan telkomsel ini mah subsidi nya bukan per mahasiswa dongg huhu,0.0
300 ribu dong ),0.0
tri bisa,0.0
atm saya udh ksong nh transfer aj bsa gk,0.0
delfi,0.0
pak mentahan aja saya pake wifi soalnya saya juga mau beli beli di shope mumpung ada flash sale ni pak,0.0
alumni yg masih anget juga dong pak,0.0
tiap bulan dong pakkk kan kuliah onlinenya sampe akhir semester,0.0
kalo nomernya by u bisa gaaa ya kan by u bagian telkomsel,0.0
penghamburan untuk pengguna wifi,0.0
yhaa~ di rumah ga ada sinyal tsel crying face,0.0
butuh fresh money aja pak buat amal,0.0
okdeh demi kuota gratis gue ganti pake simpati,0.0
napa ga transfer aja,0.0
bagaimana dengan kami yang berada di kos pak kami masih punya paket internet wifi dan akan segera melanjutkan pembayarannya,0.0
pulsa aja atu pak sedih,0.0
pak mentahnya aja boleh gak biar kaya upi,0.0
uwuuu,0.0
min alumni dapet juga dong face with tears of joy,0.0
nomor di igracias ga bisa diganti min,0.0
pak kalo di rumah pake wifi gimana pak ( alangkah lebih baik kalo uangnya buat bayar wifi bulanan di rumah pak pleading face,0.0
kalo calon mahasiswa dapet ga (,0.0
tf atm orang tua lebih bagus min kan data rekening di igracias ada,0.0
min yang gak pakai provider tsel gimana ya jgn sampai gagal dapet subsidi sih min atau plan lainnya boleh kalo mentahnya aja 300rb kirim ke no rek hehehe,0.0
apakah kartu by u bisa,0.0
apakah subsidi ini langsung diberikan dalam bentuk kuota yg sebesar 300k yang dimana setiap daerah harga kuota tsel akan beda beda per satu wilayahnya dan saran saya lebih baik diberikan dalam bentuk pulsa saja biar nanti civitas telyu bisa membelikan kuotanya sesuai dengan harga wilayahnya masing masing thumbs up,0.0
yha ga adil yg gapake tsel gimane,0.0
menurut saya ini masih belum efektif dikarenakan beberapa mahasiswa menggunakan kartu dengan operator selain telkomsel group akan lebih menguntungkan jika subsidinya berupa uang rupiah yang di transfer ke rekening masing masing,0.0
no nya udah ga aktif tf aja saya dm no rek saya ya beaming face with smiling eyes,0.0
udah beda gak bisa diganti lagi aelah bukan rezeky,0.0
mentahannya aja bole ga pak kirim aja ke no rek saya hehe,0.0
nuhun kampus ter luv aing smiling face with heart eyes,0.0
anjayy,0.0
trus kalo yang pake kartu pascabayar gimana,0.0
yah kalo beda nomer sama yg di ig racias,0.0
by u bisa ngga ya itu kan dibawahnya telkomsel juga,0.0
punten min kalo kita yg gapke kartu telkomsel gmna ya masa iya ga dapet subsidi nya,0.0
bikinin thread dong pliz crying face,0.0
gg,0.0
alumni dapet ga,0.0
punten admin by u bisa ga yak by u juga termasuk telkomsel kan,0.0
telkomsel only guys yang non telkomsel hayu mundur loudly crying face,0.0
bismillah,0.0
pak saya pake tri masa ga di kasih loudly crying face,0.0
kalau provider by u id bisa tidak,0.0
waa masih aktiiifff,0.0
haruskah pakai nomor telkomsel,0.0
pak angga gg pan face with tears of joy,0.0
kereen pisaan thumbs up,0.0
sukses selalu untuk tel u luar biasa keren,0.0
mantep,0.0
luar biasa keren sukses thumbs up thumbs up,0.0
keren sih ini mah,0.0
bangga sekali♡,0.0
smiling face with heart eyes smiling face with heart eyes smiling face with heart eyes semoga segera bisa dimanfaatkan bangsa ini,0.0
turut bangga terima kasih telkom university folded hands,0.0
maskernya keren,0.0
pak pengen maskernya pak beaming face with smiling eyes,0.0
flexed biceps flexed biceps laboratory,0.0
red heart red heart red heart,0.0
makin lama makin keren kampus ini fire fire,0.0
kerennnnnnnn,0.0
keren,0.0
fire fire fire,0.0
mahasiswa yang rakit namanya ga dicantumin,0.0
tah nan,0.0
bangga ga tuh,0.0
bersyukur bgt masuk ni kampus ) ga pernah kepikiran pindah ptn karena tel u selalu gercep dan mendengarkan aspirasi kita proud of u tel u red heart,0.0
semangat dan terus berkarya flexed biceps Indonesia,0.0
thumbs up thumbs up,0.0
fire fire,0.0
fire fire fire fire fire keren OK hand light skin tone,0.0
wow ada pak kemas jago2 nih semuanya penelitinya folded hands,0.0
keren blue heart,0.0
kerenn,0.0
kereeen thumbs up light skin tone thumbs up light skin tone,0.0
kerenn bgt thumbs up,0.0
marufi nuryan,0.0
gelow line up dosen2nya imba semua,0.0
yang sebelah pak profesor itu pak angga kan yam dosen fte,0.0
anjay pak angga thumbs up,0.0
kalo pake mandiri va ttp itu min,0.0
akhirnya,0.0
siip,0.0
pake duit bpp kita aja hahaha,0.0
min ini klo dah tf perlu konfirmasi ga,0.0
rumah sakit dan tenaga medis yg mana yg dijadikan prioritas min boleh di spesifikkan lagi target penerima bantuannya,0.0
kalo pake mandiri va ttp itu min,0.0
congrats smiling face with heart eyes,0.0
congrats temen temen infineeds,0.0
mantappp bro,0.0
wahh bapak dosen idola nih dospem kece nih n works,0.0
mba pie wk,0.0
kak ajenggg ayuning clapping hands light skin tone clapping hands light skin tone clapping hands light skin tone,0.0
min mauu dong aku mhasiswa tel u jurusan d3 tt yg msih blum plng min '( butuh banget buat pulang nntinya krna beli di apotik sdah mahal,0.0
boleh nih,0.0
bisa tuh diproduksi massal dan dibagiin ke masyarakat yang membutuhkan,0.0
mau min,0.0
,0.0
ambil bah,0.0
keren,0.0
buset hasil lu ya mi,0.0
min security kampus telkom menunggu sekali masker y,0.0
jangan melupakan security2 dan ob di telkom ya min jajaran tertinggi harus memperhatikan mereka juga sebagai staff yang ada di telu ini terima kasih folded hands,0.0
bangga seh,0.0
bagi bagi ke mahasiswa wkwkwk,0.0
oh tidak bungggg,0.0
uweyyy muhtar rizky,0.0
eh di slide ke 3 mbanya ngelag loudly crying face,0.0
kalau mahasiswa yg masih di bandung kebagian jga gak,0.0
min mahasiswa beserta jajarannya(keluarga) membutuhkannya beaming face with smiling eyes,0.0
ayuning jeeng wiih jadi model keceeeh nih bisa didapat dimana nih maskernyaa dijualkaah kereen yee tel u thumbs up,0.0
mau dong grinning face with sweat,0.0
proudd clapping hands clapping hands,0.0
gak dijual ya min buat alumni grinning face grinning face,0.0
dosbing aink smiling face with heart eyes,0.0
mauu min ku masih di sekitaran kampus,0.0
"kasian tuh security telkom yang selalu standby terus selama yang lain work from home maskernya cuman itu"" aja",0.0
jual online juga dong,0.0
mantap fire bisa nih kirimin satu ke saya,0.0
despro smiling face with heart eyes,0.0
gini mksd gw porn,0.0
anak kriya gk skalian dilibatkan bikin pattern face with tears of joy,0.0
min karyawan anak perusahaan yg masih sering kekantor semoga kebagian yaaak beaming face with smiling eyes beaming face with smiling eyes apalagi tmart yang masih buka untuk melayani warga kampusss makasi sebelumnyaaa beaming face with smiling eyes beaming face with smiling eyes,0.0
di produksi banyak ga min kalo iyah bagikan secara gratis ke masyarakat sekitar min heheheh smiling face with heart eyes,0.0
mahasiswanya ga dibagikan juga nih,0.0
min,0.0
ke kampus fir,0.0
semangat terus almamater ku woman dancing,0.0
bisa dibeli ga nih,0.0
mahasiswa juga mau dong crying face,0.0
saluut thumbs up thumbs up thumbs up,0.0
dibagikannya ke kosan n rumah2kah krna msh ada mahasiswa di kosan,0.0
ihh ketjee smiling face with heart eyes smiling face with heart eyes smiling face with heart eyes,0.0
mau dong telkom,0.0
eh ada teh ayuning hahaha rolling on the floor laughing,0.0
di produksi masal ga nih min,0.0
kampus siapa si ni keren bgt,0.0
mau min,0.0
di jual dimana ya,0.0
bolelah kuota 300rbnya dipotong dikit jadi masker face with tears of joy,0.0
"saran tiap mahasiswa dikirim 1 pack ke alamat rumah masing""",0.0
sudah ada produk reusable mask juga nih bermerk maskit store,0.0
sinergy bangoon negry,0.0
kreatif banget kampus lu,0.0
aku cinta sdp,0.0
mau dpet ini drimana atuh min,0.0
modern problem with modern solution required,0.0
bee terinspirasi 2,0.0
kampus siapa niii,0.0
wah gas chamber,0.0
lead the way thumbs up,0.0
apakah dengan ini perkuliahan akan kembali onsite relieved face,0.0
oh ini yg mimin lihat kemarin pas lewat telyu waaah mantul,0.0
keren fire,0.0
kalo mobilnya baru dicuci bete banget,0.0
min mumpung prei sui bulan bulanan dalane aspalen parkiran e benakno pedagang2 dikelola ben tertib ra morat marit ng ngarepan jare world class univ mosok slogan tok infrastruktur e kudune yo melu world class,0.0
besok2 bikin e pass biar kalo keluar masuk gausah tap ktm ya cukup pelan2 aja,0.0
jadi nu asup teh kudu di chamber ban na ydhstr,0.0
berasa tiba tiba mutakhir kampus teh,0.0
padahal lebih efektif disinfektan untuk dalam kendaran taxi/bus/kereta arus pergantian penumpang selalu terjadi dan perlu disinfektan berulang di luar kendaraan sepertinya masih opsional bikin aja mesin otomatis kayak pengharum ruangan stella yg crot gitu tp diganti cairan disinfektan better deh jangan gengsi meniru cara kerja alat yg udah ada tp lebih oke dipakai,0.0
keren bgt untung udh pada balik jd gamacet wkwkw,0.0
clapping hands clapping hands,0.0
clapping hands medium light skin tone clapping hands medium light skin tone clapping hands medium light skin tone,0.0
car chamber bukan harus nya,0.0
iya mobilnya disemprot org ny kaga kena wkwk,0.0
tel u gak mau kalah sama adiknya ittelkom surabaya fire fire fire fire,0.0
bangga deh sama telyu,0.0
bikin karat mobil ngaco lagian virus gaakan bertahan hidup tanpa droplet baca dulu berita baru,0.0
cuci mobil gratis pake disinfektan gaes,0.0
sensornya ditaruh di mana hiyakkk rolling on the floor laughing,0.0
keren sih ini OK hand,0.0
ntar kita mainin yak beaming face with smiling eyes,0.0
bayangkan pas lewat lupa nutup jendela,0.0
keren banget kampus gua,0.0
tapi kan kawasan kampus di kunci bahagia,0.0
bentar lagi buka carwash,0.0
mbayar piro lurr wkwk,0.0
smiling face with heart eyes smiling face with heart eyes smiling face with heart eyes,0.0
proud,0.0
kalo pengguna motor gak ada ya pak,0.0
jika ini hari biasa pasti macetnya sampaii kemana mana wkwkw,0.0
apa tidak rusak cat mobilnya cek dampaknya berapa besar dampaknya,0.0
itu mbak2 sama mas2 yg ngerekam ngapain,0.0
loudly crying face fire clapping hands,0.0
kampus kita bikin juga kan ya rolling on the floor laughing,0.0
salfok sama yang videoin,0.0
kereen thumbs up,0.0
raising hands light skin tone red heart red heart,0.0
gimana caranya supaya di dalam mobil juga terkena semprot bersamaan pada saat mobil masuk melewati chamber hayo,0.0
marufi nuryan,0.0
makin keren aja abis ditinggal,0.0
bangga,0.0
sekalian cuci mobil gratis dong,0.0
bntr lg jd ptn amin,0.0
kenapa sih kampus gue keren loudly crying face,0.0
mantap smiling face with sunglasses,0.0
*car chamber,0.0
fire fire,0.0
waaa mantapp smiling face with heart eyes,0.0
smiling face with heart eyes smiling face with heart eyes smiling face with heart eyes,0.0
mobilnya ga chamber sedih,0.0
aishh canggihnyaaa,0.0
i'm proud of you telu face blowing a kiss,0.0
ini,0.0
nah bagus ini kalo untuk mobil/kendaraan bukan untuk manusia mantap emang telyu hugging face,0.0
mantap slur,0.0
wah keren,0.0
tar macetnya sampe gapura ga,0.0
red heart red heart,0.0
legittt fire,0.0
bangga saya,0.0
keren skli,0.0
clinking beer mugs clinking beer mugs,0.0
fachrudin,0.0
senpai,0.0
suzzn,0.0
kak saya sudah buat akun tapi kenapa ketika mau login username dan pasword nya salah terus padahal sudah sesuai,0.0
kapan pengumuman jalur ini kak,0.0
kak klo lulusan 2018 blum bisa ya padahal kmren dah smpet daftar gmna ya,0.0
ada biaya pendaftaran tidak kk,0.0
yang jurusan keagamaan,0.0
kak baca dm please folded hands smiling face with halo,0.0
kenapa lulusan 2018 ngga ada ngga bisa daftar ya kak,0.0
kakkk inii bayar berapa,0.0
,0.0
pengumuman kapan min,0.0
min kalo lolos jalur ini terus juga lolos sbmptn bisa mengundurkan diri gak min,0.0
jurusan bahasa onok,0.0
,0.0
surya tuh,0.0
,0.0
aminarti,0.0
ini cakupan besiswanya apa sj y kak,0.0
@ riaananda,0.0
06,0.0
@ dbrpsrrrr123,0.0
,0.0
pendaftaran ditutup kapan,0.0
beasiswa nya full atau brp persen,0.0
aturan beasiswa nya pas udah keterima gimana kak ada ketentuan pencabutan atau gimana kak,0.0
,0.0
ka dm saya tolong d baca,0.0
((,0.0
min sy mau nanya kalo semisalnya kita udah keterima di jalur jpa 1 trus ikut lagi seleksi di jalur beasiswa tp ternyata ga lulus di jalur beasiswa nah status saya tetap jadi camaba telkom di jalur jpa 1 kan min face with tears of joy,0.0
kak yg udh ikut jpa 1 jg bisa ikut,0.0
,0.0
,0.0
kak aku udah lulus jalur utg tapi ingin mendaftar jalur beasiswa tapi kok pas di website ngga bisa ya yang keluar hasil kelulusan dr utg trus,0.0
,0.0
kak yg lewat jalur beasiswa itu sebelumnya diambil dari apa ya kak,0.0
nilai rapornya smeester 1 4 atau semester 1 5 min,0.0
kak lenny smiling face with heart eyes,0.0
,0.0
raporr ini,0.0
terimakasih informasi selengkapnya dapat di cek di timeline kami smiling face with smiling eyes raising hands,0.0
,0.0
kak kalau misalnya kuta sudah keterima lewat jpa 1 dan sudah bayar boleh daftar jalur beasiswa gak kak dan apakah uangnya kembali,0.0
woww,0.0
clapping hands fire,0.0
clapping hands,0.0
kereeeen red heart,0.0
fire,0.0
thumbs up thumbs up thumbs up,0.0
thumbs up thumbs up thumbs up,0.0
thumbs up thumbs up sparkles,0.0
clapping hands,0.0
,0.0
kalo gada passport gmn,0.0
thank you,0.0
telkom please this isnt a time for doing thesis loudly crying face loudly crying face,0.0
,0.0
marufi nuryan,0.0
ffa ih kukira itu anda yg pake kaos nike,0.0
kerennn smiling face with heart eyes,0.0
mantaab clapping hands beaming face with smiling eyes,0.0
ngeriih nang lanjutkaan strm,0.0
masyaallah,0.0
sukses buat aumr mobile robot telkom university semoga bisa membantu utk memerangi covid 19 di indonesia,0.0
suara pak soni bukan sih,0.0
mantap mas,0.0
mantap juga mas,0.0
look ni leee face with hand over mouth,0.0
gokil mas nanang strm,0.0
mantapsih,0.0
keren juga u clapping hands,0.0
wihhhh sampe ke wisma atlet segala mantaps red heart red heart red heart,0.0
kereen sukses yaa telu thumbs up,0.0
alus euy kenal teu face with tears of joy maifa ch,0.0
anjay fire,0.0
bangga beating heart,0.0
yallah kampus siapa ini mantep banget loudly crying face loudly crying face,0.0
semoga senantiasa memberi manfaat thumbs up,0.0
up dong,0.0
abidzar sokin masuk telkom wkwk,0.0
strm asik asik,0.0
makin bangga jadi telutizen,0.0
kerennnn,0.0
raising hands,0.0
thumbs up light skin tone thumbs up light skin tone thumbs up light skin tone thumbs up light skin tone,0.0
dhe look wkwkwk bangga gak tuh face with tears of joy,0.0
mantull telu,0.0
mantaapp bettt emangggg clapping hands strm,0.0
jadi artis lu bang,0.0
mantap lanjutkan,0.0
keren,0.0
pak soni smiling cat face with heart eyes fatyah,0.0
keren bgttt,0.0
mantap tel u love you gesture,0.0
innalillahi wa innaillaihi rojiun folded hands folded hands folded hands ya allah kenapa pak eko,0.0
rip folded hands,0.0
amin yra palms up together light skin tone,0.0
aamiin yra,0.0
rip pak eko semoga ditrima disisinya dan keluarga yg ditinggalkan diberi kekuatan folded hands,0.0
"amiin"" yra",0.0
innalilahi wa inna ilaihi roji'un turut berduka cita,0.0
innalillahi,0.0
amiiiiin yra semoga husnul khotimah,0.0
aamiin yaa robbal alaamiin,0.0
rip kak eko semoga husnul khotimah folded hands light skin tone,0.0
innalillahi sedih,0.0
innalillahi wainnailahii rojiun,0.0
eko innalillahi wainnaillahi rojiun teman seangkatan dan sekelas sy te 26 03 ketua kelas org nya baik smoga husnul khotimah ko btw kenapa ya,0.0
aamiin ya rabb',0.0
innalillahi wainnailaihii rojiun,0.0
innalillahi wainnailaihi rajiun allahummagfirlahu warhamhu waafihi wa'fuanhu meninggal nya knp min,0.0
turut berduka cita smg alm husnyl khotimah dan saya mau nanya apakah benar alm meninggal atas covid 19 soalnya ada berita tertulis beliau meninggal dikarenakan covid19 mohon maaf jika salah karena hanya memastikan agar berita tidak simpang siur,0.0
innalilahi wainnalilahi rojiun semoga amal ibadahnya di terima di sisinya,0.0
innalilahi wa innailaihi raji'un,0.0
turut berdukacita,0.0
aamiin yaa robbal alaamiin,0.0
rip kak eko semoga husnul khotimah folded hands light skin tone,0.0
innalillahi sedih,0.0
innalillahi wainnailahii rojiun,0.0
pendaftar khusus daerah makassar atau seluruh indonesia,0.0
apakah akan membuka jalur ekstensi online d3 ke s1,0.0
hmm noh,0.0
bisa nihhh grinning face with sweat,0.0
s2 kapan tersedia min,0.0
tal enak km gmn aja drooling face,0.0
pika ko berminat wkwk,0.0
apakah bisa untuk kelas ekstensi dari d3 ke s1,0.0
info dong buat s2 nya min,0.0
yg s2 dong,0.0
selain makasar bisa gak min,0.0
mesti di makassar ya min pleading face,0.0
050195,0.0
r winda kali aja minat face with tears of joy berpusat di mksr biar bisa ada alasan main,0.0
wuih mantaap,0.0
disemarang gak buka kak,0.0
manajemen dong min weary face,0.0
biaya berapa min,0.0
info dong buat s2 nya min,0.0
yg s2 dong,0.0
selain makasar bisa gak min,0.0
mesti di makassar ya min pleading face,0.0
050195,0.0
r winda kali aja minat face with tears of joy berpusat di mksr biar bisa ada alasan main,0.0
wuih mantaap,0.0
disemarang gak buka kak,0.0
manajemen dong min weary face,0.0
biaya berapa min,0.0
pendaftar khusus daerah makassar atau seluruh indonesia,0.0
apakah akan membuka jalur ekstensi online d3 ke s1,0.0
two hearts two hearts two hearts,0.0
ciee masuk akun resmi huda,0.0
huda,0.0
yuk perjuangan masih belum berakhir insyaallah bantuan support dan donasi anda akan kami salurkan dengan sigap untuk informasi donasi bisa cek di ig kami (punten min hehe),0.0
avenger jabar beaming face with smiling eyes,0.0
semangat fire,0.0
kuota gimna min face with tears of joy,0.0
ada jg itenas cuy,0.0
nomer 4 asik nih telco2009,0.0
fire fire fire fire semangat,0.0
menunggu kuota,0.0
gokil fire,0.0
,0.0
po po po power rangerrrr,0.0
yah zoom nya gak versi berbayar sedih,0.0
marufi nuryan,0.0
anjay mabar,0.0
thumbs up thumbs up,0.0
red heart red heart,0.0
upi kalii bukan ui,0.0
pak kuota pak,0.0
fire fire fire fire semangat,0.0
menunggu kuota,0.0
min saya barusan bayar pin saat sudah di bayar kok malah di web nya belum melakukan pembayaran ya mohon bantuannya,0.0
min subsidi kuota nya kok blm masuk ya hehe,0.0
thumbs up thumbs up thumbs up thumbs up,0.0
keren bgt smiling face with heart eyes,0.0
laa hawla wa laa quwwata illaa billaah,0.0
kereeennn smiling face with heart eyes smiling face with heart eyes smiling face with heart eyes smiling face with heart eyes,0.0
masyaallah keren sekalii,0.0
merinding,0.0
rasa gak cocok n adab euy hati2 nyanyiin asmaul husna,0.0
salut terus mendunia,0.0
fire,0.0
,0.0
spectacular hundred points collision,0.0
relieved face,0.0
,0.0
luv red heart red heart red heart red heart red heart,0.0
agama yg kita semua peluk pelajaran bertoleransi itu selalu di ajarkan hehe sunflower,0.0
ada lo gasi,0.0
masyaallah loudly crying face loudly crying face,0.0
menurutku lebih baik stylenya kayak asmaul husna yg ada di yutub hehe kalau kayak gini jadi lain soalnya face with tears of joy,0.0
subhanallah fire keren fire,0.0
kerennn smiling face with heart eyes,0.0
,0.0
hundred points hundred points hundred points,0.0
ada anak ldk atau bm yg blg ini keren,0.0
,0.0
,0.0
luv red heart red heart red heart red heart red heart,0.0
agama yg kita semua peluk pelajaran bertoleransi itu selalu di ajarkan hehe sunflower,0.0
ada lo gasi,0.0
masyaallah loudly crying face loudly crying face,0.0
keren kan kampus gua,0.0
red heart,0.0
mauu dong min,0.0
calon kampusku keren banget emang hundred points,0.0
thinking face,0.0
kurang banyak lah sekelas telkom,0.0
100 berarti 2 box ya,0.0
mantap inovasinya udah sampe ada yg jual di alibaba,0.0
semoga makin sukses jangan lupa kasih promo untuk tiap mhs telyu ya hehe,0.0
keren kan kampus gua,0.0
red heart,0.0
mauu dong min,0.0
min cara input pin nya gmn ya,0.0
cocok nih,0.0
mana nih subsidi internetnya ga dapet2 katanya tgl 8 folded hands,0.0
punten subsidi kuota nya kapan cair nya min,0.0
min boleh baca dm aku ga,0.0
s kol berminat ga,0.0
min kenapa nggak bisa upload foto buat bikin data diri di,0.0
a,0.0
kuota mana kakak face with tears of joy,0.0
subsidi kuota dah sampe mana yaa min,0.0
bayar ga min,0.0
nah tuh bayar teu,0.0
dpt tak g,0.0
beda nya sama beasiswa jalur rapot apa min,0.0
mau ikuutt ahh,0.0
asslamualaikum saya mau bertanya saya kan ikut beasiswa telkom jalur rapot nah disitu tertera nilai fisika sedangkan dirapot saya pelajaran fisika hanya ada di semester 1 2 saja semester seterusnya tidak ada pelajaran fisika bagaimana cara saya mengisinya saya kosongkan nilai fisikanya malah ada tulisan harus diisi,0.0
yukk ikuttt,0.0
x mark dulu,0.0
gak bisa ke link nya min,0.0
itu buat mahasiswa telkom aja ya min,0.0
min ini khusus karir atau boleh konseling lain jg,0.0
zoom ada leak helo hati2 data bocor,0.0
bayar ga min,0.0
nah tuh bayar teu,0.0
punten mau bertanya apakah telkom university tidak ada subsidi kuota untuk mahasiswa terima kasih,0.0
kuliah online butuh kuota tolonglah minimal ada insentif khusus paket indihome atau apa buat gitu mendukung proses kuliah bpp kita tolong dimanfaatkan buat kepentingan mahasiswa,0.0
dari pada buat check in begini mending obrolin subsidi kuota udah ga ada potongan bpp tugas numpuk banyak bener kuota borosbukannya nambah pinter malah nambah,0.0
subsidi internetnya mana nih,0.0
punten mau bertanya apakah telkom university tidak ada subsidi kuota untuk mahasiswa terima kasih,0.0
kuliah online butuh kuota tolonglah minimal ada insentif khusus paket indihome atau apa buat gitu mendukung proses kuliah bpp kita tolong dimanfaatkan buat kepentingan mahasiswa,0.0
dari pada buat check in begini mending obrolin subsidi kuota udah ga ada potongan bpp tugas numpuk banyak bener kuota borosbukannya nambah pinter malah nambah,0.0
subsidi internetnya mana nih,0.0
nah gini smiling face with heart eyes,0.0
bcs jesus died for us,0.0
makasih min folded hands,0.0
terima kasih admin folded hands semoga tuhan memberkati bahagia,0.0
smiling face with heart eyes,0.0
god bless,0.0
folded hands,0.0
subsidi kuota nya ka,0.0
thank you admin folded hands,0.0
punten saya mo minta no resi subsidi kuotanya ka udh sampe mana ya,0.0
terimakasih telkom university smiling face with smiling eyes folded hands smiling face with smiling eyes folded hands,0.0
admin pas upload berkas dan udah ada kartu peserta kok gada fotonya ya padahal sudah upload foto,0.0
kuota gimna kakak face with tears of joy,0.0
permisi untuk pengupload an nilai rapotnya kalau pernah ganti program gmn ya karna awalnya saya pernah diprogram ipa selama satu semester sebelum pindah ke bahasa,0.0
tas kecil khas bojongsoang nya kaka,0.0
kuotanya mana ini keburu uas,0.0
qwota sad but relieved face,0.0
telkom kang ngeprank rolling on the floor laughing,0.0
sekedar mengingatkan telyu kapan ya ngirim subsidinya,0.0
aduhh kuota abis pun10 telyuu ((,0.0
punten kuota nya udh sampe mana kak,0.0
assalamualaikum alhamdulillah semoga allah melindungi kita semua sehat wal afiat terkhusus bagi keluarga kita yang kurang sehat allah memberikan kesembuhan dengan kesembuhan yang sempurna *wassalamualaikum*,0.0
mohon maaf juga ada grammatical error disitu semoga tidak mengurangi fungsi dari alat tsb folded hands,0.0
kualitas,0.0
baarakallahu fiikum,0.0
keren thumbs up rsud al ihsan juga dong kak hhe,0.0
automatic hand washing machine kah,0.0
proud high voltage,0.0
mana kuotanya,0.0
lead the way high voltage,0.0
lead the way high voltage,0.0
suka ni yg gini ni,0.0
show us how it works,0.0
kuota dulu urusin gmna ini wey,0.0
bangga,0.0
mantap thumbs up,0.0
let's go boys high voltage high voltage,0.0
clapping hands clapping hands,0.0
kalian keren clapping hands light skin tone,0.0
folded hands folded hands,0.0
mantep,0.0
kuotanya belum masuk ya min atau gimana,0.0
proud clapping hands,0.0
ha pasti ini yg buat ni hussyaini,0.0
langsung ciptakan dlu lgi pintunkemana saja bg man biar bsa cepat kemana2 wkwk,0.0
fire fire fire fire fire tiger face,0.0
mungkin hand washing machine maksudnya,0.0
kualitas,0.0
fire fire fire fire,0.0
lead the way fire,0.0
mantaaaaapppp,0.0
talk less do more salam elektro red heart,0.0
elektro lead the way high voltage,0.0
nice,0.0
kalung apa itu bg man face with tears of joy,0.0
raised fist,0.0
goks fire,0.0
kereennn,0.0
ilmuwan kali rupanya ya,0.0
wehh ada babang,0.0
mantab,0.0
proud,0.0
mantappppp,0.0
mantapp,0.0
kereen thumbs up thumbs up thumbs up,0.0
mantapp,0.0
kereeeeeen,0.0
sedeeepp fire fire,0.0
smiling face with heart eyes smiling face with heart eyes smiling face with heart eyes smiling face with heart eyes,0.0
mantab thumbs up thumbs up,0.0
fte together nurturing the future,0.0
di klinik bisa cek positive/negative corona kah,0.0
untuk kami yang di luar gedung (kawasan) mendapatkan hand sanitizer atau sabun cair untuk cuci tangan darmawan2505,0.0
itu pas trakir nutup keran nya ya kotor lg dong kayanya telkom kudu ganti kran nya deh pake sensor atau pake keran injek,0.0
min itu sebelum cuci tangan gausah pegang muka dan rambut (,0.0
telkom bagi2 handsynitizer dong buat yg di luar area telkom kami yg anak kos kesusahan carinya,0.0
mantapss,0.0
min kerannya ga perlu dibiarin kebuka pas gosok2 tangan,0.0
abis cuci tangan kalo ngeringin pake tisu secukupnya aja ya guys satu lembar aja cukup koo winking face,0.0
l,0.0
pas duduk di tempat umum gak perlu pegang bangkunya ya,0.0
,0.0
terlalu banyak menggunakan hand sanitizer bisa membuat kulit kering dan timbulnya bakteri baru gais jadi bisa alihin ke sabun aja ya atau bisa pake sarung tangan aja hihi,0.0
face blowing a kiss,0.0
it's time to be akhie and ukhtie haha,0.0
saran aja selama pakai sabun kerannya bisa dimatikan dulu spy menghemat air,0.0
"trus bagai mana dengan siku yang dipake buat buka pintu kalau semua orang juga pake siku "" harus ikut dicuci juga dong sikunya",0.0
telkom bagi2 handsynitizer dong buat yg di luar area telkom kami yg anak kos kesusahan carinya,0.0
mantapss,0.0
min kerannya ga perlu dibiarin kebuka pas gosok2 tangan,0.0
abis cuci tangan kalo ngeringin pake tisu secukupnya aja ya guys satu lembar aja cukup koo winking face,0.0
yaa kirain lulusan telkom,0.0
"ada jurusan ""airplane"" tidak di universitas telkom",0.0
yaa kirain lulusan telkom,0.0
"ada jurusan ""airplane"" tidak di universitas telkom",0.0
sedih fif ga ada lift,0.0
tiap ujian juga social distance,0.0
gedung belakang asrama buat fakultas teknik ya min biar dapet lift grinning face with smiling eyes,0.0
kok gaada foto fte,0.0
haha jangan harap pagi mau social distancing face with tears of joy,0.0
fte fri can't relate,0.0
fif kok gak ada loudly crying face loudly crying face,0.0
wkwk nasib fteku face with tears of joy,0.0
kebayang antrian lift gku bakalan kek apa auto tangga v,0.0
mantap skarang bisa main pump dalem lift,0.0
fakultas teknik mendukung indonesia sehat naik lewat tangga hahaha,0.0
fte tangga nya aja kali dikasih juga biar setara,0.0
jangan sampai ada kuliah,0.0
kok semua matkul jadi tugas,0.0
ku fikir ada panggila telekonference kok semuanya jadi tugas online wkkw,0.0
terus yg antri lift makin panjang dan bnyk,0.0
fte oh iyah kan pakenya eskalator dari beton upside down face,0.0
fakultas belakang keliatan banget gaada lift,0.0
lu mencium bau bau kuliah ga si mbl,0.0
parkir motor gimana,0.0
nl tuh u can look at this pict,0.0
physical distancing bukan social,0.0
fif santuy tanpa lift,0.0
jadi kapan ada rencana fte dikasih lift grinning face with smiling eyes,0.0
lohh fte oh gak ada lift face with tears of joy,0.0
lift fte ga dipasangin gitu juga wkwk,0.0
,0.0
07,0.0
kelas pagi cant relate kalo udah normal grinning face with sweat,0.0
fte ga dikasih gituan juga eh,0.0
fte manaa nihg,0.0
itu ngadepnya sesuai panah,0.0
terbaik memang kampusku raising hands medium light skin tone,0.0
fif fte fri can't relate face with tears of joy face with tears of joy face with tears of joy,0.0
gamau naro hand sanitizer di daerah kampus gitu,0.0
min mau nanya kalo mau sekedar cek boleh ga parno bangett sedih,0.0
gamau naro hand sanitizer di daerah kampus gitu,0.0
min mau nanya kalo mau sekedar cek boleh ga parno bangett sedih,0.0
makin cinta sama kampus gue yang tbtb batalin wisuda bulan ini terimakasih sudah membakar tiket pesawat pp dan hotel gue gak akan lupa sama kampus ini heart suit,0.0
ciee yg matiin kolom komenannya clapping hands,0.0
mau tau bagaimana sih kerja di vinilon ada kegiatan internal dan eksternal apa aja sih di sana gimana vinilon mengembangkan karyawannya agar jadi kompeten kalo mau tau ayuk atuh mampir ke ig kita jangan lupa di follow yaa kalo kamu gak mau ketinggalan info info menariknya,0.0
knp matiin kolom komentar si yg pembatalan wisuda face with tears of joy,0.0
minn yang diasrama gimana di pulangkan dulu kah,0.0
unchhhhh,0.0
,0.0
yuhuuu selamatttt smiling face with heart eyes smiling face with heart eyes smiling face with heart eyes,0.0
anjir keren parah kak tiur,0.0
keraddd smiling face with heart eyes,0.0
smiling face with heart eyes,0.0
tetep semangatt errrr purple heart,0.0
lah kok gaada cad rd,0.0
dft yeeaayy menang congrats ya,0.0
u first in ma red heart congrats,0.0
muka bahagian bgt yah,0.0
ngpain mas disitu,0.0
mau tau bagaimana sih kerja di vinilon ada kegiatan internal dan eksternal apa aja sih di sana gimana vinilon mengembangkan karyawannya agar jadi kompeten kalo mau tau ayuk atuh mampir ke ig kita jangan lupa di follow yaa kalo kamu gak mau ketinggalan info info menariknya,0.0
libur apa kaga sihh univ lain dh pada kuliah online tau,0.0
kuliah online jadi apa nggaa,0.0
liburin dong,0.0
weh libur ga,0.0
smiling face with heart eyes,0.0
tetep semangatt errrr purple heart,0.0
lah kok gaada cad rd,0.0
lagi semangat nya malah online,0.0
wes bener nang omah ae le,0.0
tetep aja laboran gabolehin libur praktikum pdhal jelas surat edaran tidak ada praktikum,0.0
21 ini lu libur,0.0
lalalallaal pulang lai 216,0.0
ga kebaca loudly crying face,0.0
yang paham coba tolong jelaskan ke saya poin nomor 2,0.0
perpustakaan libur juga ya kaa,0.0
& sh ini pengumumannya,0.0
yess libur bel ayo kita ke kutub utara mencari kitab suci,0.0
,0.0
harusny kuliah onlinenya 1 bulan soalnya kan ini virus bahaya biar benerbener mencegah bener ga si,0.0
di zoom ngeblur,0.0
18 hati hati ya my bro,0.0
ya alloh padahal saya teh udah semangat pengen bgt kuliah super semangat eh malah 2 minggu libur dulu hm yaudah deh gpp stay save all people,0.0
ini kuliah online atau tugas online sebenernya min,0.0
it's corona time~,0.0
tolong pasir podomoro sangat membuat muka saya kusam,0.0
akhirnya,0.0
19 balik engga,0.0
gw orng bandung dah bosen pulang kerumah mulu tiap hari,0.0
maaf untuk mahasiswa rantau bukannya lebih baik tetap berada di lingkungan telkom aja ya kalo berpergian misal pulang ke rumah masing masing dan kita ga tau apakah kita punya virus itu atau bahkan orang di sekitar kita pas perjalanan pulang justru nanti malah nular ke orang rumah,0.0
apakah ada kemungkinan kuliah online nya di perpanjang face with tears of joy,0.0
ey yo corona check,0.0
stay safe teman2 we can do this,0.0
besok eprt tetep,0.0
wargot kira2 masih buka ga ya,0.0
gaskeun lombok nih,0.0
,0.0
tas lu ga libur,0.0
bukannya kalau pulang kampung malah memperbesar kemungkinan kontak dengan orang banyak apalagi kalau pulangnya lewat transportasi umum spt bus kereta pesawat,0.0
sip,0.0
,0.0
rencana mau ngejar absen eh tau nya libur,0.0
,0.0
mau nanya apakah perpustakaan tetap buka saya udah telat ini mau balikin buku (,0.0
gabisa plg krn rumah jauh check ”) woman tipping hand light skin tone,0.0
jadi ini kita disuruh pulang,0.0
semoga kita selalu dalam lindungan allah,0.0
munjul tetep buka ga,0.0
akhirnya ilangg,0.0
terimakasih infonya semoga semua dlm lindungannya aamiin,0.0
yang magang bagaimana yahh soalnya temen temen yang magang berkontak langsung dengan orang orang luar dan itu sangat sangat perlu diperhatikan tolong kasih pencerahan min,0.0
untuk verifikasi tak atau pembuatan skpi bagaimana ya min apakah dialihkan juga secara online,0.0
semarang i'm coming,0.0
ya allah udah di tempat travel,0.0
bay nih bay,0.0
asik jadi libur wkwk,0.0
red heart red heart red heart,0.0
diyakini tdk akan menyebarkan tuh gmn maksudnya pake perasaan g bisa yakin2an hrs cek darah ”) gosh ”),0.0
mau balik tapi jauh banget lagi,0.0
urvillnya gimana '),0.0
yah aing lagi otw telkom astaga,0.0
keknya gajadi balik lagi w,0.0
untung masih di rumah wkwkw,0.0
tiati bro jangan dijadiin ajang buat liburan inget buat stay di rumah/kos masing2 jgn malah pulang trs bawa penyakitnya kesini,0.0
yg dari kemarin galau ariantoo,0.0
kurang lama,0.0
pulang pulangg,0.0
mana ke baca min,0.0
stay safe temen temen semua yang nongki2 atau kegiatan keluar yang tidak perlu banget di tunda dulu ya stay at kost/kontrakan kalian house with garden semoga virus covid 19 bisa cepet selesai ya aamin pleading face folded hands light skin tone,0.0
,0.0
burem ah,0.0
,0.0
untuk yg susulan uts gimana min,0.0
pak kaprodi tolong tanda tangan surat kp buat ke perusahaan dulu pak,0.0
cakep face with tears of joy,0.0
jaga kesehatannn face with medical mask,0.0
yaallah ga kebaca ya ini gimana kecil bner tulisannya pensive face,0.0
ini baru telyu,0.0
untuk yang sedang magang dan ta/pa bagaimana yah,0.0
alhamdulillah,0.0
,0.0
,0.0
,0.0
,0.0
yg magang bagaimana ya pak buk,0.0
,0.0
2 minggu,0.0
yang lagi mangga kaga libur dong crying face,0.0
liburr,0.0
ui satu semester libur wkwk,0.0
auliah,0.0
telyu,0.0
ayo plg ),0.0
alhamdulilahhhh hugging face,0.0
face with medical mask semangat,0.0
kampus w emang grecep fire fire,0.0
sebaiknya asrama juga dilakukan penyemprotan desinfektan,0.0
emang mantul alangkah lebih mantul kosan saya juga,0.0
asrama juga dong mantap telkom fire face with tears of joy,0.0
kosan saya mau dong pa,0.0
kostan aku dong wkwk,0.0
konsultasi statistik olah data & survey kami ahlinya cek ig kita backhand index pointing right,0.0
mathedu18a,0.0
face with tears of joy,0.0
cikoneng kak butuh disemprot jugaa,0.0
hati dan pikiran saya dong pak biar bersih kayak abis lebaran,0.0
tolong ngeditnya jangan pake inshot saya sudah gedeg denger backsound ini face with tears of joy,0.0
kontrakan saya sepertinya ada corona bersarang di kamar dika karrtiko saya candra dan arvin waswas dengan hal itu karna kami tidak punya cairan tersebut kami memutuskan membakar kamar tersebut hehe,0.0
purwokerto ittp,0.0
sekalian pak dibersihkan orang orang ini,0.0
,0.0
sekalian msu nya,0.0
tolong kampus kamu kapan,0.0
akhirnya selama kurang lebih 3 taun berada di kampus ini baru kali ini ada deep cleaning mantap,0.0
andri,0.0
pak sekalian sapta taruna block b141 gobah,0.0
semangat pak '''),0.0
dirumah aku juga atuh deket da dari telkom,0.0
temboknya belom tuh pak,0.0
bujang house sebelum balik nih ilham88,0.0
kenapa yg di semprot lantai ya bukan hand rest di kursinya kan yg sering kepegang itu,0.0
lebih baik bertindak daripada diam aja btw musiknya tanda banget '),0.0
pak kontrakan gua dong temen gua penyakitan semua alf,0.0
gils manteppp gercep,0.0
semua ruang kelas nya juga yoooo sampe wc wc nya 3,0.0
,0.0
university cheeeeeck,0.0
munjul di lobby a,0.0
kerennn,0.0
macdun semprot juga macdun,0.0
"merata ngak pak ntar cuma inter doang yg di gituin alih"" sekalian promosi kelas yg keliatan banget ""uwaw""",0.0
tolong semprot juga ruang praktikum di gedung b pak sedih,0.0
unsri kpn,0.0
kirain musik harvestmoon,0.0
asramanyaa paak,0.0
kek merondap face with hand over mouth,0.0
smiling face with heart eyes smiling face with heart eyes red heart,0.0
sekalian atuh kos aku palem 2 face savoring food hihi semangat ya pak yellow heart thumbs up,0.0
sekalian pak kontrakan kita di cijeungjing butuh bgt disemprot @ ayusername,0.0
asrama jg dong pak grinning face,0.0
msu dong pa,0.0
mantepppp face blowing a kiss,0.0
min cek dm dong butuh jawaban,0.0
kursi nya juga dong,0.0
kost saya bisa ga pa,0.0
terima kasih hundred points hundred points hundred points hundred points hundred points,0.0
skrg gedung k uda kaya bioskop face with open mouth face with open mouth face with open mouth,0.0
kerennnn,0.0
guuudddddddddd fire fire fire fire fire,0.0
pak sekalian wisma kos annisa 1 pga loudly crying face,0.0
yg dibersihkan bukannya tempat2 yg sering berinteraksi anggota tubuh misalnya kursi pintu dll,0.0
senengg smiling face with 3 hearts smiling face with heart eyes,0.0
itu yang di semprpt lantainya aja pak/bu kursi meja dan peralatan lain gak sekalaian,0.0
folded hands folded hands folded hands,0.0
gedung b dong,0.0
makasih pak red heart red heart,0.0
mantepp cepet juga dilakukannya,0.0
dikirain nyemprot kispray,0.0
keren thumbs up Indonesia,0.0
ini take yang keberapa lying face,0.0
asramanya ya pa,0.0
sayang aku sama telkom two hearts two hearts two hearts,0.0
sekalian pak/bu ruang lab praktikum,0.0
lucu musiknya,0.0
semangat bapaakk black heart,0.0
warkop masboi dong,0.0
thumbs up thumbs up thumbs up,0.0
thumbs up thumbs up thumbs up thumbs up thumbs up,0.0
kosan maneh lang kudu wkwk,0.0
terima kasih telkom,0.0
asrama gedung 6 kamar 406 pak folded hands,0.0
punten 2in dong kekontrakan saya sekalian wkwk,0.0
mantap telkom,0.0
pak temen saya juga dong di semprot dia ga pernah mandi waktu kuliah,0.0
heran harus ada virus dulu telkom baru di bersihin,0.0
terimakasih telkom red heart fire,0.0
mantaapppp thumbs up,0.0
sekalian semprot asrama gedung a perempuan ya,0.0
semangat terus pak,0.0
mau dong pak di kontrakan saya gba 1,0.0
fighting fire,0.0
sah si semprot juga nih ubun2nya,0.0
smiling face with heart eyes red heart,0.0
backsound andalan,0.0
red heart red heart red heart red heart,0.0
kamar kos saya dong pak sekalian,0.0
telkom gerlong dong,0.0
mencegah lebih baik dari pada mengobati sparkles good,0.0
chernobyl,0.0
star struck red heart,0.0
kantor kalian jugalah pi,0.0
akhirnya au,0.0
thumbs up thumbs up thumbs up,0.0
pestisida,0.0
red heart red heart red heart,0.0
fire fire fire,0.0
backsoudnya lo fi gini,0.0
min saya mau tny sesuatu udh dm ig mention twitter email line bahkan telfon tp gaada balesan kira2 kalo mau tanya harus lewat mana ya,0.0
ayo ikut hel we are an international students right,0.0
kuota gemana min sedih,0.0
