0,https://bit.ly/RegistWorkshopTeknisUjianDaring g bsa d buka ya min
1,kuota mana kuota
2,Subsidi kuota mana
3,Kuota mana kuota min @telkomuniversity
4,Kuota minğŸ˜‚
5,"Mana kuota min, wkwjwk kebury basi ni"
6,Punten KUOTA
7,Punten kuota
8,Kuota mana kuota ini mah keburu UAS dulu wkwkwkğŸ¤£
9,"Please Buka Batch 2 donk, udah full utk 300 org"
10,Punten pakett
11,Subsidi kuota
12,Kuota manaaa
13,Kuota nya kapan ya ğŸ™„
14,Punten kuota
15,Kuota mana ya kuota hehe
16,Ini dapet kuota ga?? :(
17,Kuota mana keburu UAS dulu
18,Kuota mana uy udh ngisi tiga kali ğŸ˜­
19,kuota p p p p p p p p
20,Saya jadinya ngisi kuota harian selama 5 hari ini :((
21,Punten kuota
22,Minta nomer resi kuota dong
23,kuota
24,Kuota nya janji nya gimana min
25,Punten kuota
26,"pak, kuotanya udah sampe mana?"
27,"kuotaku abis, wifi indihome trouble mulu:("
28,"Mana kuota mana, hey hey jangan sampe ini sebatas April mop y ğŸ¤­ğŸ¤£. Masa kalah sama negeri sih kek UB mereka udh dpt loh dan mereka kerjasama dg Telkom masa Telkom nya sendiri blm kan GK funny y ğŸ¤£"
29,Punten kuota
30,Punten kuota..
31,"Samlekum , kuota mana kuota oh kuota 300 k katanya , manssss niii lurrrrr"
32,Permisi pak kuota kami belum masuk nih
33,"Punten, kuota nya mana nich?"
34,#manakuotaku
35,pak kuotanya kecantol server mana :( kuotaku udah abis. indihom error muluğŸ˜­
36,Kami butuh kuotaaa
37,K U O T A
38,@telkomuniversity
39,@telkomuniversity
40,kuota saya mana
41,Kuota nya mana pak??n
42,KUOTA KHAS TELKOM UNIVERSITYNYA KK
43,april mop
44,Pembelian kartu Telkomsel= STONKSâœ“
45,Punten kuota
46,Punten slur
47,ğŸ¤£ğŸ¤£ğŸ¤£ğŸ¤£ğŸ¤£
48,Tertypuu wkwkwk
49,"baca dong,, akan di transfer setelah tanggal 8, setelah... bukan pas tgl 8, jadi kalo setelelah 2022 juga setelah... hahhaha kena tipu dia... selamat..."
50,Kuota manaaa kuotaa manaa dimanaaa ğŸ’ƒğŸ’ƒ
51,Dingdingpadingding
52,hoaxxxx
53,Kalo kuota nya lama di denda ngga ? Jadi 500rb ?
54,keburu uas
55,@nadilandrry sisteuuurrr!!!!
56,April mop
57,ASSALAMUALAIKUM PUN10 SUBSIDI TURUN KAPAN YAKK? MALU NIH LAMA2 SAYA NUMPANG WIFI TETANGGA TERUS ğŸ˜­ğŸ˜­ğŸ˜­
58,pulsa kapan pak? keburu saya keluar rumah nih dah
59,Kamj butuh kuotaaaaaaaa
60,kuota
61,Mana pak kuotanya katanya buat belajar tiga bulan tpi ini keburu UAS pak. Saya terkendala Kouta karena buat belajar buku2 saya semua diasrama jadi bingung mau bljr apa pun10 sekali pa jangan dibuat malu sama univ negeri yg notabene SPP nya murah dan itu pun mereka bekerjasama dg Telkom masa kita org Telkom kgk blm dpt kan kgk lucu ye ğŸ˜‚ğŸ™
62,Subsidi kuota adalah da real april mop
63,Punten kuota mana??
64,Kuota kuotaa
65,K u o t a
66,k u ota
67,April mop mampos kelenğŸ˜
68,Subsidi kuota mana pak @telkomuniversity
69,Kuota pakkkk
70,semoga bpp semester depan bayarnya gak full tp tetep dpt tak
71,"oiya, mo subsidi kuota/pulsa kek kampus lain donk,,,h3h3"
72,Tidak ada pemberian kuota gratis ?
73,@gilangerlangga90
74,Kompensasi kuota kapan min?
75,@arintarrr
76,Anjirr TAK jama dulu bgt wkwkwkwk
77,Mana nih subsidi internetnya
78,Kami butuh subsidi kouta!!
79,subsidi TAK ceritanya
80,@nintann2 @yovvt_ @figi_trigi iya woi :v
81,Butuh Kouta bukan TAK
82,@sarahtazkiyatun nah
83,*Mmorpg intensifies*
84,Kirain dapet duit ğŸ˜­
85,Subsidi kuota khas bojongsoang nya kakak
86,"TAK dh banyak,sini kompensasi kuota aja/pemotongan spp"
87,Kuota kuota
88,Farming skuy. @ruger_edward @faizzakbar @alipppu @reynaldi_yw
89,@sudungparhusip
90,@sony_krbo
91,@wildangnjr
92,ğŸ˜ğŸ˜ğŸ˜
93,Cobain noh yang @beatrice_silaban
94,Maunya kuota gimana dong
95,Tahh siapa yg masih dan kejar2 TAK dulu ? @desipuspitasrr @arfianeviratama @mutiaafriantinst @balqisfwz ğŸ˜
96,"kampus lain udah pada gerak ngasih kompensasi kuota atau pemotongan spp, sementara telyu dari kemarin cuma student check in doang yg di peratiin?"
97,"Daily Login, 100 hari dpt cashback :v"
98,Minta fasilitas kuota gratis dari bpp kamiii
99,50% BPP lumayan buat kuota
100,ğŸ‘†
101,KUDU WE AING MEULI BAHAN KEUR NUGAS KA TELKOM? SARUA WAE KEHED JANG NAON KULIAH ONLINE?!
102,BPP HARUS DIBALIKIN 50% KITA GAPAKE FASILITASNYA DAN KUOTA JUGA PAKE DUIT MAHAL WOY GAADIL KALO GA CASHBACK
103,"Mau ngurus, input TAK gimana min?"
104,"Mahasiswa pulang ke seluruh penjuru indonesia melalui bandara, stasiun, terminal di khawatir kan menjadi carrier ke daerah masing2"
105,"Ini sih nama nya bukan kuliah online, dimana beberapa dosen hanya memberi materi serta tugas yg diberikan dengan rentang waktu yg singkat. Setiap kuliah online selalu diberi tugas, dan jika ingin menanyakan materi, ada dosen yg slow respon. Ada juga yg memberi informasi materi dan tugas pada saat jam perkuliahan. Tolong lah, untuk tugas jangan berlebihan, apalagi dengan waktu yg singkat"
106,"Fishstreat Bandung *Promo Grab 50%* All Menu
16 - 29 Maret 2020
Go grab your food
Thanks"
107,Ini namanya tugas online bukan kuliah online!!! Dosenâ€ memberi tugas tanpa dijelaskan lebih dulu. Yang merdeka disini dosen doangg mahasiswa sengsara!
108,"@kantin_mulyarasa Mbak Kantin, Kantin Mulya Rasa gimana nih, apa masih buka?"
109,"Mohon maaf sy selaku orgtua ikut khawatir... .mmg anak diliburkan tp  memdpt tugas yg katanya ada tugas kelompok, praktikum .... sbg orgtua khawatir krn anak msh mengerjakan bareng dg teman dan dtg ke kost mskpn tdk tiap hari ... malah sy jd ngomel ... gimana kalau jd darah tinggi gara2 ngomel krn melarang anak utk tdk keluar rumah  alasan  mengerjakan tugas , ???"
110,"Tolong mahasiswa diwajibkan pulang dikaji lagi. Karena mahasiswa telkom berasal dari berbagai daerah diseluruh indonesia maka akan berpotensi virusnya menyebar ke daerah yang belum terkena covid. Karena kejadian di italia sebelumnya seperti itu, warga kota pada pulang ke kampung mereka dan malah menyebarkan virus di kampung mereka padahal belum kena"
111,"BPP di cashback bisa kali ya, kuliah online butuh kuota :))"
112,@fitri.nababan
113,@salmaanabil libur panjang kau.. majalaya lah breww
114,Kembalikan BPP
115,"Punten untuk masalah tugas online yang diberikan dosen tolong dikaji lagi. Sampe banyaknya, gatau mau ngerjain yang mana dulu. Sudah terlalu penat rasanya liat tugas saking banyaknya. Disaat kondisi seperti ini seharusnya kita harus lebih menjaga imun dan kesehatan tubuh kita. Tapi dengan banyak nya tugas dan deadline yang menunggu. Mengharuskan kami harus menyelesaikan tugas secepatnya agaar tidak mengumpulkan terlambat. Tapi dengan banyaknya tugas seperti ini, mau ga mau kita harus sering begadang. Gmn mau jaga imun tubuh, ketika kita trus menerus ngerjain tugas?"
116,Potongan bpp dong min 50% rugi bgt
117,telkom gamau kaya universitas veteran ? yang gak bisa mudik kerumah dikasih makanan cemilan karena udah pada tutup @telkomuniversity
118,Gimana ceritanya sidang onlenğŸ˜©
119,ğŸ¥ºğŸ¥ºğŸ¥ºğŸ¥º
120,Bpp mungkin bisa di diskon 50%
121,Berarti untuk KP juga diundur? Atau bagaimana min?
122,"Saya kagum, Telkom university selalu terdepan menyikapi permasalahan ini. Semoga kita semua dilindungi Allah SWT, aamiin"
123,"Bisa ga buat keputusan kaya UI nilai maksimal B ? Atau gak refund BPP lumayan beli kuota untuk kuliah online :"") bener kaya komen2 diatas gak semua mahasiswa punya fasilitas yg sama. Semoga semua komentar terbaca dan jadi pertimbangan~"
124,Min minta biar kayak UI dong biar dapet B
125,Cukup bayar BPP 50% ya :)
126,@ralansrn bisa sidang online
127,@neneng1718
128,Aku anak UIN ikut komen ya kak hehe
129,dahlah
130,"Hallo bpp, gamau di cashback aja ?"
131,untuk input TAK dan test EPRT gimana ya?
132,"Kalau disuruh WAJIB PULANG brrti Tel-U sdh menimbang dong apakah semua mahasiswa di daerahnya mendapatkan koneksi internet yg mumpuni, krna tdk semua Mahasiswa/Mahasiswi Tel-U itu menengah ke atas, dan tdk semua daerah cukup baik koneksi internet di luar TSEL, krna tdk sedikit ukuran data yg dikirimkan, baik tugas, maupun praktikum online, mohon dikaji ulang bagaimana ttg prakol dan tugas tugas yg diberikan. Bukannya mengeluh Pak, tpi kuota jg pake uang Pak beli nya, kasian org tua udh cape cape bayar BPP mahal, dan skrg disuruh beli kuota lagi. Iya tau ini semua musibah dan ga semuanya mau diposisi ini, termasuk pihak kampus, tpi tlg dikaji lagi pak utk tgs tgs yg diberikan kalau bs resume saja jgn sampai file file yg berukuran besar yg bs memakan kuota banyak dihadirkan setiap tugas, dan praktikum online. Terimakasih Pak"
133,BPP refund 50% please. Kita ga make fasilitas. Itung2 sebagai ganti or subsidi kuota.
134,Dipersilahkan keluhannya ukhti @ditaprll
135,"Ditunggu info mengenai daftar sidang ya min, dr prosedur dan sistemnya juga, karna pendaftaran sidang juga banyak yg perlu dipersiapkan dan dilengkapi. Info terkait ini sangat ditunggu terkhusus kami mahasiswa tingkat akhir yg mendapat banyak info simpang siur terkait sidang. Terima kasih"
136,"Bro, netflix jangan di blokir blokir gitulah"
137,Ayo keluh kesahnya wkwk @nabila.essa @veliavanissa @mayanglrsati @witanur.s
138,min izin bertanya. perihal DE bagaimana ya min? apakah kirim file melalui online atau ada cara lain. terimakasih ğŸ™
139,"BPP di refund sebagian bisa dipertimbangkan harusnya, karena bisa dipakai untuk menunjang perkuliahan online. Tidak semua mahasiswa mempunyai fasilitas yg baik dalam menunjang perkuliahan online contohnya saja dalam hal akses internet. Sama tolong dikaji lagi perkuliahan online nya masa tiap hari dikasih tugas, sedangkan kuliah biasa ga seribet ini tugasnya :("
140,"Hati hati itu yg pulang kampung selama perjalanannya (di bandara, terminal, stasiun, pesawat, bis, kereta),, paling riskan, tetap waspada"
141,@ptrhanifah pada lawak semua komentar nya ğŸ¤£ğŸ¤£ğŸ¤£ğŸ˜­ğŸ˜­ğŸ˜­ w ngakak jam 10 malam
142,"punten lur kita teh PUSINGG EUYY TUGAS BANYAK,LEBIH2 DARI OFFLINE,GELOO HELLOO OMG TRALALAA... MINIMAL MAH ATUH NILAI RATAIN KIRI ATAU BPP BALIK 50%.. CAPE AKUTUH CAPEE.. TAU JADI MAHASISWA PUSING GINI MENDING JADI SAYUR LODEH.. makasihhâ¤"
143,Cashback asrama dan BPP(?) WKWKW @saviradenisasazwani @ekaokta17 @syifa.mn
144,@mahasiswaunitri  Aku harap kampusku juga begini. Disuruh pulang ke rumah masing2 Aamiin...
145,@garniwaiwa @bemkbmsttpln @itpln
146,Bpp diskon 50% sabi kali buat modal pasang wifi dirumah
147,Nice... Di suruh mudik donk.. jelas3 pemerintah bilang jangan mudik....ğŸ‘ğŸ‘ğŸ”¥ğŸ”¥ğŸ”¥ğŸ‘ğŸ‘ Edukasi
148,IH PAK TOLONG DONG GUARANTEE KEAMANAN KITA YG RANTAU PULANGNYA BIAR GA WAS WAS
149,kalo ada vest lvl. 2 tandain yak!
150,@haikalaf
151,Diskon BPP jangan lupa @nugien12
152,TA Saya gmn min kalo sidang online ?:(
153,Untung udah lulus :(
154,"Untuk yang TA bagaimana? Data sulit didapatkan ketika situasi seperti ini mohon kebijakannyaa, terpaksaa akan menambah jangka waktu"
155,pak/ibu kuota saya abis 1gb nih perhari demi kulyah onlen. subsidi kuota internet sabi kali:(
156,Kalau online bisa dikasi kuota internet dari pihak kampus ga ya?:(
157,Untuk program Kerja Praktek gimana ya min? Tetap dilaksanakan di Juni-Juli?
158,PUNTEN YANG TA GIMANA YAAAAAAAA
159,Punten coba biaya BPP nya dialokasikan buat kuota telkomsel gratis:((
160,"PUNTEN SLUR MANAWI DUIT BPP DIBALIKEUN ATUH EUY 50% , URANG TEU BISA MENIKMATI FASILITAS IYEUTEH EUY KUMAHA IYEUTEH EUYYYYY EUYY , BARUMAH AING MIARA KUCING EUY KUCINGNA TEU DIBAWA BALIK EUY LAMUN PAEH KUMAHA EUY"
161,"Bagaimana dengan dosen yg susah dihubungi ketika bimbingan??? soalnya biasanya sy harus datengin langsung, jarang banget aktif WAnya :("
162,Sidangkuuuu;(
163,Punten ini kuliah ongleng ato tugas ongleng yak? Mumet batt pala melek mulu ampe nama ig gue ganti wksk
164,hadu pusingğŸ˜­
165,pak bu dosen dan kawan kawan...ada cashback bpp atau wifi atau kuota?
166,oiya...cepet banget selesai kuliah liat papan tulis
167,BPP ga refund nih?
168,abang2 cilok deket rektorat apakabar ya
169,"eh, bapak yg jual mie tektek masih disana sampe semester depan kan?"
170,Jj
171,"Selamat malam izin bertanya, apa tidak ada diskon BPP untuk semester ini?"
172,Gatau mau seneng atau g :)
173,Apakah untuk eprt ada tes online nya min? @telkomuniversity
174,min punten isiin kuota buat kuliah onlen
175,Bpp refund 50% kali :( sayang banget asli :(
176,Untuk yang magang apakah masih sama dengan surat edaran kemarin?
177,"Sidang online tolong di kaji lagi dong ke efektifannya,mengingat data yang di persentasikan tidak sedikit dan tergolong butuh waktu yang lama untuk persentasinya dan juga akses internet di beberapa daerah yang belum mumpuni untuk sekelas sidang online ,dan belum lagi untuk yang tugas akhir berupa karya berwujud bagaimana apakah efektif?saran saya lebih baik di tunda untuk sidangnya tidak dengan kondisi yang seperti ini ,semoga kejadian ini lekas kembali seperti semua stay safe kawan kawan mahasiswa semua"
178,"i dont like this, this is bad idea"
179,Gaaak mau dengerin podcast dosen :((((((
180,Loh yaopo seh
181,Mantap
182,Bagaimana yang di kotanya kesusahan cari sinyal? Apakah ada pengertian?
183,@official_unila
184,"Tolong bgt ini aku stress bgt kuliah onlen, tiap hari dan tiap matkul ada tugas selaluuuu. Perasaan kuliah oflen ga begini amat cuyğŸ˜­ğŸ˜­ğŸ˜­ğŸ˜­ğŸ˜­ğŸ˜­ğŸ˜­ğŸ˜­ğŸ˜­"
185,Untuk yang Kerja Praktek gimana?
186,Apakah ada eprt online min? @telkomuniversity
187,Sinegri bangoen negri! Semoga lekas sembuh ibu pertiwi dan kampusku.
188,Kalo minggu ini atau minggu depan bisa ambil motor di parkiran motor GKU bisa ga si ? Yakali mau terbengkalai sampe juni ğŸ˜­ğŸ˜­
189,kalau nanti status waspada sudah berakhir sebelum 29 mei apakah perkuliahan kembali dilaksanakan spt biasa? banyak mhs yg mengeluhkan trims
190,"Bisa ga yaaa uang bpp + uang kostan balikk, 50% ajaa deh gapapa buat beli ekstra kuota untuk selama dirumah apalagi mahasiswa tingkat akhir cuma skripsian doangg:("
191,"min tolong sampein ke dosen2, ngasih tugas online jangan banyak2. bukannya sakit corona malah sakit kecapean nugas nanti."
192,@agunggputrapra
193,auto sidang onlen:â€) jd sejarah buat cerita ke anak anakku nanti â€˜mama dulu sidangnya onlen loh nak seru bangeddâ€™
194,CASHBACK 50% DOONG BPP HARUSNYA!1!1!1!
195,@bima_novendra
196,@rifqi__ahmad
197,"Yg TA gmn ya? Klo online saya rasa sulit. Susah mengaturnya dr sekian banyak, dan akan banyak data yg bolong2 juga, kami ga bisa maksimal. Kenapa ga diundur aja?"
198,"Terimakasih infonya ya ,semoga semua dlm lindunganNya"
199,Cs sama security gmna minn heheğŸ˜
200,@michellenatazya syedih
201,@arintarrr
202,Untuk pengambilan ijazah gimana yah min ?
203,NANTI KAMAR KOS SAYA SEMESTER DEPAN TUMBUH POHON DAN TANAMAN YG LAINNYA GIMANA
204,Terima kasih infonya
205,"Yang mau pulang jangan ego yg diutamakan, kalau ngerasa terpapar atau sehat nunggu masa inkubasi selesai sampai 2 minggu, jika aman barulah pulang, inget ortu dirumah ga lucu kalau terpapar virus yg kita bawa . Stay safe guys"
206,HAHHHH SIDANG GIMANA SIDANGGGG
207,@nadiahmumtaz
208,"Selamat malam izin bertanya, apa untuk pelaksanaan sidang ada pemberitahuan lebih detail?"
209,Stay safe !
210,"Sebelum pulang pastikan dalam keadaan sehat, dan ikuti rapid test Covid19"
211,Sia sia dong bayar BPP
212,"Min, pertimbangan disuruh pulang apa ya min? bukannya jadi tinggi potensi nyebarnya ke daerah daerah?"
213,See u @ilmayantiins @rzkaadliaa_ @riskiyy.a ğŸ˜ªğŸ˜ªğŸ˜ª
214,"@safiradwii baru semalem ngomong, semangat iya ğŸ’ªğŸ»"
215,@iswan_ariyanto @hexa_rialdi
216,Mana kuotanya belom dikirim2
217,"Uda tgl 9, kuota blom juga dapet, hadeh"
218,Udh tgl 10 pak kuota blm ada masuk pak
219,Kemana kah subsidi kuota nya sekarang?
220,Cair belom gan??@atoilla.chabibi @haikalaf @aerlanggarn
221,Hemmm... Kok belum nyampe juga
222,Ayo pak disegerakan kuota saya udh mulai habis dan itu mengganggu kegiatan belajar online ğŸ™ğŸ™ğŸ™
223,Belum sampai punğŸ˜•
224,Kuota udah abis nihğŸ˜‚
225,Ko blom adağŸ˜‘
226,"Katanya proses tgl 8, di undur jadi tgl 10, sekarang tanggal 12 mana nih kuota udah mau abis gara gara nungguin kepastian, semoga ae ga wacana y bous"
227,Mana kuota.... ğŸ˜­
228,Kok sampai skrg belum ada info apa apa lagi ya pak?
229,@kangady
230,kuotanya kok belum masuk ya pak? sudah hampir seminggu pak :(
231,"Mana nih kuota gratis teh, mana jow?"
232,"Eh janji lo mana, udah 11 hari nih, malah udah makin banyak tugas, assestment, dan tubes jga, dan lu masih blom bagiin subsidi yg kayanya bakal lu bagiin, UDAH KAYAK POLITISI AJA LU JANJI PALSU"
233,mana ini subsidi internet nya min ?
234,Lama pak.
235,Assalamu'alaikum admin. Ditunggu segera. Terima kasih. Semangat Tel-U
236,Saran saya hapus saja videonya pak
237,Saran mending hapus post ini
238,"Mending berbentuk uang, jd yg ga pake wifi bisa untuk di beli yg udh pake wifi bisa buat bantu bayar wifinya buat bulandepan pak, kalo kuota doang mah rugi dong yg udh make wifi, ga bsa ngerasain 300k dalam bentuk kuota, apalagi lg #dirumahsaja kuota ga bakala kepake klo ga kemana2"
239,Nah gini dongğŸ™ğŸ¼
240,Yang lagi skripsi nasibnya bagaimana pak?
241,"Mentahannya aja bisa ga, percuma dihutan telkomsel buriq ~"
242,Gak ada subsidi untuk yang gagal wisuda kah pak? Hehe
243,@its_campus @meme10nopember @cantik.its
244,Kereeeen
245,Yuk follow @srzconsulting dimana kamu bisa bikin #stayathome kamu lebih bermanfaat dengan mengikuti program kuliah WhatsApp gratis.
246,Alhamdulillah... terima kasih banyak pak. Semoga civitas akademika tel-u yang beraktivitas baik di kampus ataupun di rumah sehat selalu ğŸ‘
247,@universitaspertamina
248,@artana_te @putragede28_ @nandawidiapsara @vickyadistya @iwstra16 warmadewa kapan ya?
249,Kapan realisasinyaa
250,Semoga untuk semua provider ya pak.. Jangan yang telkomsel aja
251,Halo denger2 sk nya udh turun dan subsidinya berupa kuota untuk pengguna telkomsel ya. Lalu solusi nya buat yang tidak pake provider telkomsel gmn ya? Mohon solusi nya...
252,"Pakk saya udh make Tsel dari lahir. Belom berubah dari nomornyaa, subsidiin saya 500rb pak buat ngedrakor"
253,"300k di samaratakan ya pak? mohon maap nih, apakabar penghuni gku lantai 8&9?? 300k quota banding uang semester para mahasiswa penghuni gku lantai 8&9? sedih sih saya wkwkwkwkğŸ¤£ğŸ¤£"
254,#disyukuriaja
255,"Hmmm, masa cuman yang pake provider telkom pak ? Kan ga semuanya pake, kudu banget nih beli kartu lagi cuman buat dpat subsidi.... :("
256,Yhaaaaa maap pak aku bukan pengguna telkomsel :((((
257,"Assalamualaikum Pak Prof @kangady saya ingin bertanya terkait pengambilan ijazah Prof. Apakah ada keringanan untuk pengambilan ijazah untuk alumni yang sudah di luar kota Prof, dikarenakan orang tua belum mengizinkan untuk ke bandung karena kondisi yang seperti ini prof. Apakah bisa diwakilkan Prof @kangady? 
Terima kasih Prof."
258,Kepada rektor dan mimin yang terhormat
259,"Kepada rektor dan mimin, min fliss ini mah sebelum di bagi bagi lewat kuota nih mending dibagi lewat (LINK AJA) karena sudah pasti temen temen telyutizen punya link aja, jadi lebih adil ğŸ™ƒğŸ‘Œ, sekian @telkomuniversity @drama.telyu"
260,Alumni gimana pak?
261,"Pak 300.000 nya hanya berlaku buat RUANGGURU DAN TOKOPEDIA AJA,ai kami mana pake aplikasi begituan lagi pak:(("
262,Ini gimana cara claim nya
263,Mollow akunnya demi 300 rebuw
264,Kampus org dalam Telkomsel nih kwkwkw
265,Yg pake kartu halo gimana pulsa 300rb nya? :(
266,"alhamdulillah, tinggal pengurangan biaya semester nih h3h3"
267,@p_manalu @lusiprildayanti @claudiasinaga_  @f.chdr
268,@dhiyaizzaa
269,"Pak, alumni dpt subsidi? ğŸ˜…. Kalo gk dpt subsidi kuota, bs jg dlm bentuk sembilan bahan pokok, didlm bercinta, jgn smp kurang satu, bisa kurang mesranya. Agar tiada resah dan bertambah mesra, yg diperlukan hanyalah...HAI SEMBAKO CINTA #jogetngangkangkudakuda"
270,gimana ni unmuh kok gak ada subsidi @umjember @ilhamakbar67 @sephiiaaw @devajprks @hsnldiah28_
271,@uin_arraniry_official cocok nihh
272,Mending potong biaya spp untuk semester depan :(
273,"Mahasiswanya udh pada kaya telkom mah, hehe Klo subsidinya berupa duit pling dipke yg lain drpd pke kuota. Maaf klo suudzon. Tuman, haha"
274,Ditunggu
275,Beiyyyyaa
276,Bgi warga tk ada subsidiya pak...
277,Buat apaa kuota kalo ujungnyaa jaringan nya tetep jelek
278,@ua_rann mntp cuy
279,subsidi uang semesteran buat yang lagi TA boleh kayaknya pak ğŸ˜‚
280,@officialunjani
281,Moga via link aja
282,@uir_unggul_2020 uir enggak min??
283,@zakihsan mantep nih
284,PAK ALUMNI JUGA MAU DONG PAKğŸ˜­
285,SMK engga pak? @shindyclk @nadrapss @gitayulia_10 @viionans @sabrinaaaaaap @ayuktw_ @ekarmwtii @angellinaintn @iin_chn
286,Cara dapetinnya gimana ? Anyone can teach me ?
287,Tambahin lagi pak biar makin synirgi bingin nigri pak
288,â¤
289,Fix beli dm sama uc @andeshutabaratt @ajifazri @andreulil @adriimanan
290,"Puji TuhanğŸ™, semoga sistem pembagian nya segera di infokan ya Pakâ˜ºï¸"
291,Jgn jgn ngasih kuota gratis ini biar mahasiswa pada gaminta balikin bpp apa ya? Wkwk
292,@infouinsgd
293,Gak ada pengurangan tugas gitu pak?
294,acie @andi.alii
295,Smk telkom juga butuh pak
296,ğŸ™Œ
297,Wow coba sama anak @smptelkombandung kan sama belajar online juga ya ğŸ˜ğŸ‘
298,Otw daftar @telkomuniversity
299,@rsfty23 @listyanrs @rifarenia @vannisano alumni alumni wkskk
300,Dalam bentuk uang
301,Tatacara ngasih nya gimana tuh?
302,Kalo ga salah kita masih mahasiswa kan? ğŸ˜… @imam_rabb @anggerdwikartiko @wahyudi_0995 @wahyudi_1609 @zicoalimota
303,ğŸ”¥ğŸ”¥ğŸ”¥
304,YUK BPP YUK BALIKIN SEENGGAK 30% AJA 20% BUAT KULIAH ONLEN ;)
305,AlhamdulillahğŸ”¥ğŸ”¥
306,Alhamdulillah aku bisa scroll tiktok sampe puasğŸ˜ğŸ˜
307,"Atah na we dieu saya mah om, keur hayang meser baju band deui."
308,Huhuu haturr nuhun @telkomuniversity  Seneng bgt denger kabar ini hehe... Blm isi kuota ni.. Dirumah gaada wifi..boros kuota klo ngerjain tugasğŸ˜­ğŸ˜‡ğŸ˜‡ğŸ˜‚ğŸ˜‚
309,tengkyu bapakk
310,terimakasih
311,Pak yg pakai By.U bisa jugaaa kaaann? Plis pak :(
312,@blanc.et.n01r Uhuyy woii mantav
313,Saya ga butuh KUOTA PAK saya butuuh nya nilai A
314,Kapan nih pembagiannya?
315,Andai voucher grabfood juga
316,Colek @untag1945samarinda @semafeuntag
317,Colek @fekonuntagsamarinda
318,#InMrAdiWeTrust
319,reaksi gua pertama kali liat ini: ğŸ˜†ğŸ˜†ğŸ˜†ğŸ˜†ğŸ˜†ğŸ˜† reaksi gua ketika sadar ini tanggal berapa: ğŸ˜­ğŸ˜­ğŸ˜­ğŸ˜­ğŸ˜­ğŸ˜­
320,@bagasaji86
321,Alhamdulillah jadi gak khawatir lagi sama kuota
322,"pak, kalau boleh saran mnding mentahnya aja pak, kan kerjasama dg LinkAja/OVO/Gopay tuh pak hehehe ğŸ¤­."
323,Gimana cara dapetinnya woii
324,"Gaperlu gratis , yg penting jaringan nya ga ngeleg aja kalo main ml"
325,ğŸ™ğŸ»
326,diskon bpp dong
327,cashback 50% bpp
328,mantabb bapak ğŸ”¥
329,nuhun nyak
330,#ginjalbutuhminum
331,Pak kalo uang nya aja sabi ga?
332,"Finally, tinggal nunggu teknis nya nih gimana, mudah mudahan memudahkan"
333,Alhamdulilah
334,@sohilfiqhihadiprayoga ğŸ’ƒğŸ’ƒğŸ’ƒ
335,300 ribu selama sebulan cukup pak tapi kalau dua bulan tidak cukup
336,@upiofficial
337,Terimakasih telyuu muachğŸ˜˜
338,ğŸ˜ğŸ˜ğŸ˜ğŸ˜ğŸ˜
339,@rimerlynw awas di pake buat tiktok luğŸ˜©
340,@mia pertamina kapan?
341,@avlchh_____  @rizkykarani @azkanafisah @risamlia @thalitaaqll
342,"Saran, karena kartu yang digunakan oleh mahasiswa berbeda, kirimnya ke gopay aja pak, jadi nanti ngirimnya ke nomor gopay masingÂ². Jadi nanti bisa beli kuota sendiri. Untuk yang belom punya apk gojek, bisa di download dulu."
343,ğŸ”¥ğŸ”¥ğŸ”¥ğŸ”¥ğŸ”¥
344,Kirim mentahan aja pak
345,"Saran saya di tunaikan saja pa jangan di kuotakan, karena sekarang kondisi darurat yang di perlukan dalam kehidupan berkeluarga itu uang untuk daya mempertahankan kehidupan berkeluarga di rumah dan sisanya beli kuota kami cukupkan karena pekerjaan kami juga terbatas untuk membayar bpp semester nanti juga. â˜ºğŸ™"
346,"Kuota dan diamond mobile legend juga boleh pak ğŸ™ğŸ™ğŸ™, haturnuhun mantap kampusku"
347,Semoga dalam bentuk tf uangğŸ˜Œ
348,â¤ï¸â¤ï¸â¤ï¸â¤ï¸
349,ğŸ’•ğŸ’•ğŸ’•
350,Mau juga pak Bu rumah saya ga ada WiFi :( @akademitelkom
351,Allhamdulillah
352,"Jangan tanya apa kampus berikan padamu, tanyakan apa yang telah kamu berikan pada kampusmu"
353,pak mentahannya aja gabisa?
354,Mantul!
355,Pakk tolong diperpanjangg pembagiannya yaaa sampe saya masuk kuliahğŸ˜­ biar virusnya aja yg cepet beresâ˜¹ï¸
356,@cicidavada
357,Skripsi gmn pak? Hehe @syelamerinda_ @vaniaasng @raka_arief @ayufandani
358,"terima kasih Pak Adiwijaya. Dipakai buat belajar ya dek.. jangan buat push rank, tik tok dan mantap2"
359,Nhunn pak Rektor pamugi sing barokah kangge urang sadayanağŸ™
360,Luv u tel-u â¤ï¸ğŸ˜Š
361,Direktorat kemahasiswaan yg mana?
362,"Buat belajar yaa, bukan mabar.."
363,Bpp juga dipotong dong
364,Kampus kita... Negeri tapi... (Isi sendiri) @vionafr @ervina.sharella @wan.alfatriana @maryana_puspitaa @yuniindriani02 @winggaaa
365,"maap pak, punten.. subsidinya kalo bisa sama diskon bpp semester depan, semester ini hanya bates uts lah gak lama dari situ indonesia di timpa musibah, saya bedoa semoga ada kebijakan finansial yg bisa membuat mahasiswa merasa terbantu akan hal itu pak, semoga kebijakan telkom university tepat :')ğŸ™"
366,pak gimana masalah pa atau skripsi pak ?
367,wuihh
368,Haturnuhun pak @kangady ğŸ™
369,Gimana cara ngambil kuotanya pak ğŸ™
370,@zyvenomm org ini gausah dikasih pa gapernah kuliah online soalnya
371,ayo adik2 kuliah di telyu juga
372,Enak kieu eung @kiflanhzm apakabar @teukunazar96 @nurfitriyanti98 @dzikridmr ?? ğŸ˜„
373,UhuuuyyyyğŸ˜ğŸ˜ğŸ˜ğŸ˜
374,@ujiratrns yeey dapat jii
375,Pengguna halo apa kabar? ğŸ™ƒ
376,@ralansrn @noviaup @dwipanggaaaa @agungprionggo
377,kampus sultan mah beda ya :') ini nih mantan anak sultan @deki_surya @ferdisyahp
378,@archyrenaldypn
379,ğŸ”¥ğŸ”¥ğŸ”¥ğŸ”¥
380,"Alhamdulillah bapak, makasih banyaak ğŸ™ŒğŸ™Œ"
381,Emaaaang mantap maaciw pak rektor â™¥ï¸
382,Alhamdulillah @rndnanggraeni
383,Untuk yg baru jadi alumni. Baruuu banget. Gimana pak?
384,"allhamdulillah, di home tak da wifi ğŸ˜­"
385,Pa Refund comvit buat anak akuntansiâ€™18 juga jadi 100% dong pa. Yakali dari 5jt cuman balik setengahnya pakğŸ˜­ğŸ˜­ kasian nih seangkatan rugi banyakkkk
386,Terimakasih
387,Trus itu gimana prosesnya?
388,@adangwihanda pak kita ga dapet jugaa pak ğŸ˜­ğŸ˜­
389,Semoga bisa TA dengan lancar guys @indahnfa_ @dantipuji @seviraahendari
390,Mangat tel-u!!!
391,Kampus gw â¤ï¸â¤ï¸â¤ï¸
392,beranda tiktok full sama anak telyu ğŸ”¥
393,@shaftaputra mantep nih
394,@songgabojana_
395,Alhamdulillah bisa mabar
396,mantap gan teruskan gan rame amat gan
397,Nah gitu donkkk
398,Mantapss betulllğŸ˜
399,"Pak makasih, tapi uangnya aja dong pak boleh ga"
400,uish mantapppp paaakâ¤ï¸
401,Ah ini yg ditunggu
402,@yosan87 alhamdulillah
403,Pas banget butuh bulanan
404,Sangat membantu pak ğŸ™
405,"Mantab, Alumni dapet juga ga pak?ğŸ˜‚"
406,"Mantap, makasih pakğŸ™"
407,Transfer aja pak
408,alhamdulillah
409,kalau di rumah udah langganan wifi kuotanya mubazir dong :((
410,@windynathalie_ ite
411,@megarikee @yisiath @dwianirahma @nurulzahidaah @silfania15 @latasyakylena @dinatrnaa @audreyfebb bisa belajar lewat zoom sesuka kalian hehe
412,boleh minta mentah nya gak ya?
413,ALHAMDULILLAH DAPET 300K DARI BPP 50% Wwkakwkak lumayan buat nonton streaming film ;)
414,"Haruslah dikasih subsidi, kita bayar mahal Gaes.. Ingat tuh"
415,@fbilqisti
416,cara dapetnya gmmn:(
417,Bisa dipake buat sidang online @itsrasyidslm
418,@dwiputrax @fazhry_firmansyah cash aja pak katanya
419,Ditunggu sistem dalam pembagiannya seperti apa ya pakğŸ˜Œ
420,"Lebih bijak kalau sistem kuliah online dengan menambahkan fitur /fungsi di website iGracias. Jadi semua info dapat terintegrasi tanpa adanya distrupsi dari kelemahan applikasi â€˜third partyâ€™. Mohon dipertimbangkan, terima Kasih ğŸ™"
421,@itpln @bayupamungkas26 @ghalbiw19 @nurikhsan19
422,@firaznii @rifkyauliadaaa nah ara manfate len rupene kampus ni ari gep
423,Dipake buat kuliah ya @winadrm_ jangan buat vc aannnnnğŸ˜¬ğŸ˜¬
424,"Alhamdulillah ya allah. Semoga terealisasikan segera pak. Kuota internet abis gara2 presentasi teruss, video call, nyari bahan kuliah, hmmm"
425,Tetep uang bpp sih dibalikin 50%
426,Moga mahasiswa bijak terhadap penggunaan subsidi yg akan diberikan ğŸ™
427,Mantull
428,APRIL MOP
429,ğŸ–¤
430,i love you pak
431,ini sih bukan studying from home kalo telkom tapi emang WORK from home mahasiswanya juga
432,Mantapppp
433,Bentuknya mentahan aja ya pak ehehehehe ğŸ˜†
434,Makasih bapa rektorğŸ™ğŸ»
435,"Alhamdulillah dikabulkan, terima kasih kebijakannya ya Pak Rektor â¤ï¸"
436,maunya uang
437,Kapan cairnya min
438,terbaiqueeeğŸ˜­â¤ï¸
439,man2lğŸ¤˜
440,ğŸ‘ğŸ‘ğŸ‘ğŸ‘ğŸ‘
441,Kan gini enak jadi semangat @alvinodickyy @raulgonzlez_
442,#ginjalbutuhminumbukankuota
443,Alhamdulillah ğŸ‘
444,Smk nya enggak?
445,yeaaayyyyğŸ”¥
446,@politeknikati_makassar @bem_poltekatim
447,Terimakasih pak telah mendengarkan kouta sekarat kami haha
448,@bagusariebp guenakanlah buat yang bagus bagus nak
449,ASEKKKK
450,Mentahan aja yaa hehe
451,WohooooowğŸ”¥ğŸ”¥
452,Mantaappp
453,Apakabar buat alumni gagal wisuda Pak? Wkwk
454,I love kampuskuhh
455,ğŸ”¥ğŸ”¥ğŸ”¥ğŸ”¥ğŸ”¥
456,â¤ï¸â¤ï¸â¤ï¸â¤ï¸
457,Paket sembako aja padahal @telkomuniversity
458,Jazakallah Pak Adi
459,Mantip bingitttt telkom
460,ahh yg benengg
461,mantap bapak â¤ï¸âœ¨
462,woopppğŸ”¥ğŸ”¥
463,AlhamdulillahğŸ˜†
464,boleh buat maen cod ga pa?
465,Aku cinta almamaterku :)
466,Tf ke Dana aja klo bisa @nunualwiin_
467,Ya allah terimakasih ğŸ˜­
468,"Mantap,"
469,dihh enakk
470,Nah ini nih yg gua tunggu2
471,Terharuuu akhirnya ada yang gratis di telkom universityğŸ˜¢ğŸ˜¢
472,Pak 300rb Saldo link aj
473,"gausah kuota pak, buat saya mah subsidi TAK aja ikhlas saya ğŸ˜­"
474,Pakk mohon Spotify dan Netflix Premium juga disubsidikan selama masa Kuliah Online ğŸ™
475,"kalau subsisi nya langsung kuota ,150 gb dalam 6 bulan asik tu"
476,sayang bapa rektor pokonyağŸ˜˜
477,Alumni engk yağŸ¤­ğŸ¤­
478,Bersinergi untuk membangun negeri ğŸ”¥ğŸ”¥ğŸ”¥
479,Buat alumni dong minnnnnn
480,"pak, ini bukan giveaway kan?"
481,cinta deh â¤ï¸
482,Alhamdulillah
483,Subsidi sebanyak banyaknyaa paakk.... sebayar kuliahnya jugaa paaak
484,Alhamdulillah ğŸ‘ mantap pak
485,Ada opsi wifi dibayarin juga ga pa? Saya pake provider XL :(
486,"terimakasih pa saya sangat terbantu dengan subsidi dari telkom dan dapat melancarkan push rank, dan online class saya hehe"
487,â¤ï¸â¤ï¸â¤ï¸
488,Alumninyaaa juga gak pak?
489,MANTAP PAK REKTOR
490,Saik
491,@fjrnhsn
492,Keren pak! Tapi saya sudah lulus hehe
493,@m_sabrimas  hore hore
494,Mantap
495,terimakasihh pak rektorğŸ™ğŸ»
496,kouta unlimited pak @kangady
497,3 juta pak ah
498,mantabbğŸ™
499,@shadiqabyan @riswandaricky @andfnrsyabnsyah @muilham__ @ahmadziqriln zeeeeeh 300k cu
500,@taniaclaudea SENANG KO
501,Huhuy
502,â¤ï¸â¤ï¸â¤ï¸
503,Lumayan @edyrizky
504,Alhamdulillah ğŸ™ğŸ™
505,Gayeng Pak
506,@stikombali
507,cara ngasih subsidinya gimna ya?
508,Sing main main !
509,Terimakasih bapakkğŸ”¥â¤ï¸
510,Lumayan lahh wkwkwkwk
511,@nabilagbilqiss
512,"Alhamdulillah, terimakasih bapakâ¤ï¸"
513,Pak bisa dijadiin cash pb ga?
514,@alirokhman_rektor_it_telkom @bayuarif8
515,Pak  jangan bilang april mop:)
516,Jangan sampe ada yang jual lagi ya wkwk
517,Makasiii banyak bapaakkğŸ’
518,AlhamdulillahğŸ™ doa anak sholehah
519,alhamdulillah
520,Punten pak bpp heheee
521,Awas aja kalo 300rb bentuk kuota yang bagian elearning doang. Pak punten untuk zoom dll itu gabisa pake kuota elearning pak.
522,Dalam bentuk apa ni? Transfer kuota atau diberikan materi?ğŸ˜
523,Mentahan nya aja yuk pak ğŸ™ğŸ»
524,Uhuy
525,â™¥ï¸
526,Makasih bapak rektor. Btw cara ngeklaimnya gimana pak?
527,ğŸ’“ğŸ’“
528,LinkAja sih
529,Alumni dapet nga ya...
530,300k sampe mei???????
531,Maaauuuuu
532,JADI SEMANGAT BELAJARğŸ¤—â¤ï¸
533,Tapi providernya telkomsel hiyahiyahiya
534,"082127380801, silahkan diisi pak ğŸ™"
535,Terimakasih banyak @telkomuniversity Sangat suportif dan solutif ğŸ”¥ğŸ”¥ğŸ”¥
536,duit ajaa dongg
537,Alhamdulillah
538,@prisiliah_ Puji TuhanğŸ¤
539,ğŸ‘ğŸ‘ğŸ‘
540,SenengğŸ˜­ğŸ˜­
541,PAKE LINK AJA PLEASE BIAR BISA DI TF KE ATM ğŸ™„ğŸ˜Œ
542,@wlds_amar @dudi.rd Minta tuker aja
543,@_ayusername @yovitachy
544,subsidinya sampe bulan apa yaa?
545,"pak adhi klo bisa subsidinya ditransfer aja pak , takutnya subsidinya berupa kuota pada pengguna telkomsel. Jadi selain dari telkomsel nnti tidak bisa dipake pak @telkomuniversity"
546,Kirain bakal ada pengembalian uang BPP 50% Pak ğŸ˜”
547,Alhamdulillah
548,â¤ï¸â¤ï¸
549,@_adibwcksn ADIB WICAKSONO PAKE INDOSAT PAKKK YAWLOH PARAH NI @arspjie_ @adrielfauzan @robby_irhamni_ @hafizihsanull @dafadil.fitra
550,@cemana_family nihh
551,Presentasi ampe sore dah abis kuota 300rb @cenot_ @a_luthfi
552,ğŸ˜ğŸ˜ğŸ˜ğŸ˜
553,YEYEYEYE
554,Loginn loginnnn rankedddd
555,Mantapâ¤ï¸
556,Lumayan lah ya alhamdulillah
557,Trus gimana caranya itu? Wkwk
558,"kuliah cuman 2 bulan ga full satu semester, mending bpp di kembaliin 50% pakğŸ™ @kangady"
559,mending subsidi indihome
560,alhamdulillah ğŸ˜
561,Bukan April mop kan?
562,Alhamdulillah ğŸ’“
563,@revanvialdi CKCKCKCKKCKCKCJ
564,uwuw
565,Manttuuul
566,"Alhamdulillah, mantap pak, terima kasih @kangady @telkomuniversity"
567,ukt ngga ada cashback pak??
568,Punteenn wkwk @indahdhila @khairunisak99
569,"alhamdulillah, semoga lekas pulih ğŸ˜"
570,"Alhamdulillah, terimakasi Tel-Uâ¤ï¸"
571,ğŸ™
572,#cashback50% boo @kangady
573,Terimakasih telah membuat grupÂ² kita rame
574,"pasangin wifi bisa mereun sekalianğŸ˜,terimakasih telyu! semoga segera ter realisasikan ya!â¤ï¸âœ¨"
575,Jgn buat streaming drakor yaa @cocominttt
576,AlhamdulillahhğŸ’›ğŸ’›
577,Alhamdulillah
578,terima kasih pak rektorâ¤ï¸
579,Semoga ada subsidi nilai ğŸ™
580,cashback bpp 50% aja pak ğŸ™ @kangady
581,Jadi sayang
582,"Wah udah April nih teman2, ada kabar gembira ni.. setelah mendapat kuota aku akan rajinnn belajar @anitaaritonang__ @ezra_neyy @salmarachmatya"
583,@abihisbullah
584,Asik Telkom ngasih juga akhirnya dan lebih besar pula dari univ lain wkwkwk
585,@azhrbz @mikoochannnnnn
586,mentahannya aja pak
587,Alhamdulillah
588,Alhamdulillahh
589,cara claim nya gmn dah?
590,"Alhamdulillah, makasih bapak"
591,pak tolong subsidinya mentahnya aja ya :(
592,Tah kieu
593,ditunggu kabarny bpk rektor buat cashback bpp nya ğŸ‘
594,semoga diduitin
595,ALHAMDULILAH
596,"Waah mantapp, Makin semangat belajar nih jadinya pak :3"
597,Alhamdulillah terimakasih pak rektor
598,Alhamdulillah ğŸ˜­ğŸ‘
599,REKTOR PANUTAN! BERI DIA BEBERAPA PERIODE LAGI BUNG!ğŸ¤
600,"Rame ya, enjoy boi"
601,bukannya masih 2 bulan lagi ya pak sampai 29 mei? ğŸ™
602,ğŸ˜‡ğŸ˜‡
603,Ga sekalian cashback bpp pak ? Lumayan buat bayar kosan semester depan ğŸ˜­
604,Suka nih yg gini gini nih
605,mau dikasih duit nya atau kuota nya sangat membantu sekali pak hatur nuhun ğŸ™
606,Kalo bisa skalian kasi wifi ke stiap mahasiswa ya pak makasi
607,mantap pren
608,alhamdulillah
609,KerennğŸ”¥
610,Semoga ke semua operator ya pak ğŸ˜¥ğŸ˜¥
611,"pak boleh ga di cairin aja duit nya, soalnya wifi rmh masih aman heheheeheh"
612,Terimakasih pakk
613,Alhamdulillah ğŸ™
614,FIX.....AKU CINTA TELKOM â¤ï¸â¤ï¸â¤ï¸â¤ï¸
615,Makasih bapak ğŸ‘
616,"300k/ perbulan, setuju like supaya pak adi ngeliat"
617,Pak bisa dijadiin gopay aja ga
618,Ujiannya semoga ga dipersulit karna tugas sudah banyak sekaliğŸ™
619,SOY SOY SOY!
620,Wiii alhamdulillah
621,Terima kasih bapak rektor ğŸ™ğŸ™
622,"Maksih pakkk, dapet salam dari temen saya anak upi wkwkwk"
623,Alhamdulillah
624,"alhamdulillah,"
625,"Please mentahan dong, biar bebas milih kuota apa :))"
626,Sukak deeehğŸ˜˜ğŸ˜˜
627,Perbulan apa gimana nih pak :)
628,AKHIRNYAAAA!!! @gevindaffa @iizizzatull @ekaratna.14
629,Dipake belajar ya jangan buat lihat drakorğŸ”¥ğŸ”¥
630,Sampe agustus kan pak? Hehe
631,Alhamdulillah pak rektor @kangady terimakasiiiiiğŸ™ğŸ™ğŸ™ğŸ™ŒğŸ™Œ
632,alhamdulillah terima kasih telyuğŸ™
633,Anjay bat telyu
634,Bisa di uangkan aja ga pak?ğŸ™‚
635,@bungabestari  akhirnya ğŸ˜‚
636,â¤ï¸â¤ï¸
637,Mantap
638,Terima kasih bapak @cacawlndry @anyalarassuhita
639,300rb per bulan kan pak? ğŸ˜â¤ï¸
640,ğŸ¥ºğŸ–¤
641,Alhamdulilah
642,@panjipancaa
643,300k = 69gb byu
644,akhirnyaaa
645,Makin sayang sama bapa â¤ï¸â¤ï¸â¤ï¸â¤ï¸ @kangady
646,Jadi makin semangat belajar
647,MANTAP SINERGI BANGUN NEGRIğŸ”¥
648,@amaliaahdiyah @hasnanuraaa @windaanandaputrii @batsyebaam @panjipancaa @dandi_prabowo @andarrista_
649,"Dipake yg bener, ayok woi pubg kitaaa"
650,"Alhamdulillah, keren ğŸ˜"
651,Jadi semangat belajar
652,Cara dapetinnya gimana
653,kirim ke norek lgsg ya dirumah ada wifi jd gaguna:(
654,â¤ï¸â¤ï¸â¤ï¸
655,â¤â¤â¤â¤â¤â¤
656,Hey mantap @lacharmmy @shvnnvld @annahatifah @nabilaaukhti
657,"Punten bapak @kangady , terkait beasiswa prestasi tahun ini kira-kira cair kapan ya pak? Tahun lalu beasiswa cair bersamaan dengan pengumuman mahasiswa berprestasi (kisaran bulan februari -maret) sedangkan tahun ini, sampai hari ini belum ada kabar. Mohon segera di proses pak, kami yang angkatan 2016 sudah mau lulus."
658,"Pa assalamualaikum mon maap, sy pke indosat bukan telkomsel, jd plis smoga dpt ya pağŸ˜­ğŸ™"
659,Keren bgt kampusku â¤ï¸ğŸ˜
660,"Pak saya barusan langganan indihome mahal2 buat sfh, eh malah ada subsidi kayak begini ğŸ˜­"
661,asikkk
662,"Pak jangan kuota dong duit jajan aja, soalnya d rumah ga d kasi duit jajann"
663,AlhamdulillahğŸ˜
664,"Di tunggu pembuktian nya pak,biar bukan hanya omongan ğŸ™ğŸ™ğŸ™"
665,@niaa.fr  mantab nggak tu
666,Yeayyyy ğŸ˜˜
667,semoga dalam bentuk duit ya gais @reginairwan @amaliyahnr @ayuagstinaa @vinsen_yoshua @intanrmiranda
668,@ramadhikahalimnurbed @iqbaldi_pramadhan @diodaaa @kiflanhzm
669,Takbiirrrr
670,:)
671,ALHAMDULILLAH AKHINYA ğŸ˜‚
672,@aqilgilazh @vandopan @adhiiatama. Kasian dah ga dapet lu @kusumaregydwi
673,Fix lgsung daftar S2
674,"aku bakal rajin kelas online, ga misuh misuh lg ehe"
675,"Tuhh biar ga berkurang sinamot, lumayan hahah @frans_sitoruss"
676,@odin.amal tuh din wkwk
677,Diganti jadi pasang wifi bisa kali ya?
678,Saya pake wifi pak dirumah.. :( sia sia dong kuota nya :((
679,ALHAMDULILLAH makasih pak adhi
680,â¤ï¸â¤ï¸
681,ALHAMDULILLAHHHâ¤ï¸
682,mau duitnya boleh ga pak ğŸ˜­ğŸ˜­ğŸ˜­
683,ihiyyyyğŸ˜
684,Aku semangat sekali
685,Tjintaaa telyuâ¤ï¸
686,Horeeee
687,Alhamdulillah ğŸ˜‡ @wulansswd @inasuzdah @mutiarafeb98
688,Suka nih yang kayak gini
689,GokilllllğŸ‘ŠğŸ»
690,@miikhaelita nihh
691,Siap pak Roger
692,alhamdulillah
693,Perbulan kan pak wkwkwkwkwkkwwkkwkwkw
694,300k / bulan kan pak?
695,ğŸ–¤
696,Alhamdulillah
697,kata bang @ratriacahya bisa beli skin
698,Semangat @nurul_04nh ğŸ–¤
699,Alhamdulillahhh ğŸ˜­ğŸ˜­ğŸ”¥ğŸ”¥ğŸ”¥
700,Alhamdulillahhh
701,semoga dlm bentuk mentahanğŸ™
702,Alhamdulillah ğŸ™
703,Kang ady 2 periode ğŸ‘
704,ğŸ˜­ğŸ˜­
705,Sekalian pak spp di kasih keringanan
706,Semoga bisa berupa saldo link aja. Soalnya saya pake kartu halo
707,Selamat
708,Alhamdulillah... Terimakasih karena membantu sekali
709,Itu perbulan atau gimana yah wkwk
710,Alhamdulillahâ¤ï¸
711,300rb sebulan kan pakğŸ¤©ğŸ¤ª
712,MantulğŸ™ğŸ”¥
713,Alhamdulillah... Jangan dipake buat nonton drama yah beeğŸ¤£ @hasbiyafitra
714,@lintangprtiwi_ @brendakrrr @iqbal_k.p @andre._.prasetyo @ghaniffaoziansyah
715,masih berharap cashback wkwk
716,"Alhamdulillah, lumayan"
717,ditunggu regulasi pemberian kuotanya ya pakkğŸ™
718,Jgn lupa wajib kartu perdana telkomsel ya wkwkwowk
719,Nah gitu dongğŸ”¥
720,Itulahhhh ğŸ˜Œ
721,Tau aja kalo gaada duit :(
722,Love youğŸ˜˜
723,Dicairin lewat linkaja plz
724,AlhamdulillahğŸ™ğŸ»
725,@n.riezki @wulandarizkiaa
726,Ijazah dong min dibagikan kapan.
727,Makasih bapakğŸ˜‡
728,"Pak yang ngga bisa pulang, subsidiin bahan pokok juga pak ğŸ˜‚"
729,Puji Tuhan ğŸ˜­
730,Mantap pak
731,Im feeling good
732,@fadhilyaas @juanramadheni
733,"Alhamdulillah, haturnuhun pak rektor, haturnuhun tel-u ğŸ™"
734,"Alhamdulillah, Terima kasih kampus ku â¤ï¸"
735,mantab pisan! hatur nuhun pak rektor
736,alhamdulillah terima kasih telkom
737,alhamdulillahhhh
738,Semoga bayar semesteran per sks ğŸ”¥ğŸ”¥ğŸ”¥
739,Trimakasih telkomâ¤ï¸â¤ï¸
740,lope bgt sama telyu
741,Wee terbaiiiqqq
742,Alhamdulillah
743,Tp gatau gmn caranya @elzanggia
744,Terimakasihhh
745,yuhuwww
746,timakasiyyy
747,"Semoga ga dalam bentuk kuota, soalnya disini telkomsel jele sinyalnya ğŸ˜­"
748,Mantap jiwaaaa
749,Akhirnya doa kita terdengar
750,aw mantap sekali ğŸ˜
751,pak alumni dapat juga gak nih pak..??hahahaha
752,mantap tel-u!
753,Kuota
754,"Alhamdulillaaah, makasih pak â¤ï¸"
755,alhamdulilah ğŸ™
756,Akhirnya!  @mutiarazallya @shabrinanpp @farasy.vn @tiurmahutabaratt
757,Nahh etaa
758,Saatnya mengucap Alhamdulillah
759,ğŸ”¥ğŸ”¥ğŸ”¥ğŸ”¥
760,Terima kasih pakğŸ™
761,Alhamdulillah ğŸ˜»ğŸ˜»
762,ğŸ™ğŸ™ğŸ™
763,gimana bang caranya
764,Terima ksh â¤â¤ğŸ™
765,Mantap
766,Alhamdulillah
767,wuih mantap
768,YEYYY WKWKKWKW @putriyaaaa @cecilsmrt @ikhrlianaginting @pazyanethania @tirzazefanyaa @agnesherine @janeangelinaaa
769,"Alhamdulillah ,Terimakasih pak rektor"
770,YEYY WKKWKW @annsasyfrna @yolandadillaa
771,Mantap pak terimakasih ğŸ™
772,"Alhamdulillah, terima kasih pak rektor @kangady ğŸ™ğŸ™"
773,waw 300k dong.
774,Hatur nuhun
775,MAKASIHHH TELKOM DAN BAPAK REKTORRâ¤ï¸â¤ï¸â¤ï¸ğŸ˜­ğŸ˜­
776,Smoga brupa duid bkn berupa lupta
777,@nickenrn @nadyaindrizv_ @rootbeer.a.w @amillaa.putri @pricantik_
778,Ini ya? @officialadelin
779,AkhirnyağŸ™Œ
780,"Terimakasi bapak rektor beserta jajarannya, insya Allah sangat bermanfaat! ğŸ™ŒğŸ”¥"
781,@aldiariantos ini baru kampus world class
782,Bangggaaaa nya aku ğŸ˜šğŸ”¥
783,I love u telkom
784,Semoga kedepannya ada pengembalian sebagian biaya kuliah semester genap ini ğŸ˜‚
785,"Mantaabb, nuhun pakk"
786,"Hatur nuhun, semoga sehat selalu."
787,Gokil!
788,Dimulai dari bulan kapan ya ?  Per bulan ?
789,ğŸ”¥
790,Wahh terimakasih bapak rektorğŸ™ğŸ» akhirnya temen saya bisa sidang onlen tanpa ngelag @intandeanida
791,alhamdulilah @ignatiushm @danarprayoga15
792,ğŸ˜‚ğŸ˜‚ğŸ˜‚ makasih pakğŸ˜‚ğŸ˜‚
793,@hasyaqinthara @losyjkl @uwuuness_ @rdmaharani 300rb kurang gasiii:(
794,Mantap download apa ni @imamra_ @adikaakbarsaputra @meejaey @mrzxvr @arvinds20
795,Wiii Terima Kasih Telkom ğŸ¥°ğŸ™ğŸ»
796,@lek_yek
797,300k per bulan apa sampe mei nih? Tapi alhamdulilah huhuy
798,@upnveteranjakarta
799,Mantap pak
800,ğŸ˜­
801,@adamidhamsyah_
802,@nadiahmumtaz
803,Terima kasih bapak rektor
804,Ehhhmmmmmmm @universitaspadjadjaran ğŸ˜ğŸ˜
805,buat bayar wifi @azkaul @andiniputeri07 @febrisyawalia
806,TAU AJA GAK DAPET UANG BULANAN ğŸ–¤ğŸ–¤ğŸ–¤ğŸ–¤ğŸ–¤ğŸ–¤ğŸ–¤
807,Iraha ieu euyyy menang na? @devaniadi_ @felianovitasari
808,mayan nih @alfrisadivaw @n_luthfi_s
809,Semoga bpp diskon juga ğŸ˜“
810,Nyen bani mapas ?
811,"Telkom maha mendengar mahasiswanya, lanjutkan pakğŸ™Œ"
812,Akhirnya @firdausmaulana_
813,mantap ğŸ˜ğŸ˜ğŸ˜
814,Ini dikasih nya berbentuk mentahan apa berbentuk kuoata yaa HAHAHAHHA
815,ğŸ”¥
816,thank u bapa rektor @kangady
817,makasih bapakâ¤ï¸ sehat selalu
818,â¤ï¸â¤ï¸â¤ï¸â¤ï¸
819,@chelfinsetiawan_ wis keh wis
820,ğŸ˜­ğŸ’œ
821,Terimakasih kampuskuâ¤ï¸
822,@annisacls @anggitarosagllc @dewisanzani @lit.kr @aap_dewandari @desskawuri @stefhanilidya19 @wulanmrtvn @oktalisa_ @alifiasfrn
823,Kapan dkasihnya
824,AKHIRNYA ALHAMDULILLAH MAKASIHğŸ˜­ğŸ˜­ğŸ˜­
825,ğŸ”¥
826,Mantap @gbsp_
827,alhamdulillah
828,Uhuyyyy
829,Muantul
830,"@elsaashf @jauzaptrh @shfa.aa @angelicaevita_ Punten,,,"
831,Alhamdulillah
832,"semoga teknisnya bukan dalam bentuk kuota, karena tidak semua mahasiswa menggunakan provider dari telkom ğŸ™ğŸ¾"
833,alhamdulillah
834,@fahmiab11 tuhh wkwkw
835,Telkom the best ğŸ‘ŒğŸ»
836,Alhamdulillah trimksh bpk rektor @kangady ğŸ™ğŸ™ğŸ™ğŸ™
837,@putriaspinah @sjdhrc_ @nadyayufirst
838,"Dipakai belajar ya bukan buat pubg, yikyok sama ml tuman"
839,AlhamdulillahğŸ™
840,THANK YOUUU TELKOMMâ¤ï¸â¤ï¸
841,"Alhamdulillah ada subsidi, semoga kedepan ada subsidi ukt yaa"
842,@chelfinsetiawan_ @irkhammf
843,â¤ï¸
844,300k = 34gb telkom
845,Mantaaap
846,Huaaaaaaaaaaaaa @ggfahmiiiiiiiiii
847,seneng banget:â€) aku jd rajin belajarnih skrgg
848,SiappğŸ”¥â¤ï¸
849,Akhirnya ğŸ‘ğŸ»ğŸ‘ğŸ»ğŸ‘ğŸ»ğŸ‘ğŸ»ğŸ˜€ğŸ˜€ğŸ˜€
850,ğŸ”¥
851,Sehat sehat semuanyaa ğŸ™
852,a6 a6 telu jaya
853,MANTAB ğŸ”¥ğŸ”¥ğŸ”¥
854,Mantap pak rektor!!!
855,Semangat kuliah kawan-kawan..enak tuh dapat subsidi internet dari kampus..ğŸ˜ŠğŸ™ Cocok Kam Rasa @muhammadirhamn @rafif_siregar @satriaagussalim14 @ihzaalj
856,Alhamdulillah
857,Terima kasih bapak rektor ğŸ™ğŸ»
858,ğŸ‘ğŸ»ğŸ‘ğŸ»ğŸ”¥ğŸ”¥
859,@muhammadfitrah_ @wahyuafandi_s
860,ğŸ§¡ğŸ§¡
861,Alhamdulillah ğŸ™
862,"Alhamdulillah, terima kasih Tel-U â¤ï¸â¤ï¸"
863,mantap
864,Alhamdulillah
865,MantapğŸ™
866,Barakallaahhh âœ¨
867,@aprilliamrms @loveniauy_ @lutfikurniaaa @titirizkyana @indahtw99 @innayahr
868,mantap bapak
869,Di kasih nya kapan ni
870,"Alhamdulillah akhirnyaaaa, makasih telkom"
871,@chintyaanv @theafeliciaaa @prittadevi
872,Mantap euyy
873,"Udah tanggal 8 nih min, tapi belum masuk jugağŸ™ğŸ»"
874,@ziodafa10 enak dong
875,@joinpresuniv
876,Kok belum dapet ya sampe skrg? Realisasi ny kapan
877,"Pak katanya tanggal 10 april ini mau dikasih,kok gk ada masuk2 pak?"
878,"Pak katanya tanggal 10 april ini mau dikasih,kok gk ada masuk2 pak?"
879,Kemana nih janjinya? Kok ngilang @telkomuniversity
880,Ini tanggal 11 kuotanya masih blm ada. Apakabar telkom
881,"Ga taunya april MOP ,ambyar langsung wkwk"
882,lama
883,Mohon info selanjutnya pak perihal kapan pulsa ini diberikan kpd mahasiswa? Kami semua menunggu
884,"sudah satu minggu setelah postingan ini muncul, hanya muncul saja ya pak? gak di kasih kejelasan lg?"
885,Mana nih realisasinya ko lama banget ? Udah seminggu lebih loh
886,april mop nih :(
887,Halo? Kapan nih di kirim subsidinya? Udh mau asessment nih.
888,Katanya realisasi sampe tgl 10 tapi kami masih belum menerima terus pakk
889,tel u mana nih kuota nya ganyampe nyampe:(
890,"Kak untuk provder by.u gimana ya? Kan itu sama sama dari telkomsel tuhğŸ™ di informasi dari fakultas perihal ketidak sesuaian no. Hp juga nama dan no. Hp saya tidak ada, berarti bisa dong by.u dapet subsidi?"
891,aduh kok belum dapat2 ya
892,Gimana nih min belum terealisasikan @telkomuniversity
893,pak by.u juga donggggggg
894,â™¥ï¸â™¥ï¸ğŸ”¥ğŸ”¥ğŸ”¥
895,Pak saldo link aja ğŸ¤£
896,ini cara ngeclaimnya gimana ya ?
897,Kalo pakai wifi gimanağŸ¤£
898,Mending saldo link aja. Buat langsung beli kuota bisa san pengguna provider lain atau wifi juga bisa :')
899,Linkaja dong pak
900,Udah di update cuma kok ga msuk juga yak?
901,Pak mentahan nya aja deh pak karena saya pake tri :(
902,Kapan nih bisa di claim
903,@binusgraduate @binusuniversityofficial @binus_malang  kapan nih subsidi pulsağŸ˜­ğŸ˜­
904,"sedih bgt terakhir deadline kemaren, baru mau beli kartunyağŸ˜¢ saatnya mengiklaskan 300k qğŸ˜¢ğŸ‘"
905,Kasian bgt yang provider nya bukan telkomsel. Ini mah subsidi nya bukan per mahasiswa dongg huhu
906,@andreanjoko 300 ribu dong:)
907,Tri bisa?
908,"Atm saya udh ksong nh, transfer aj bsa gk?"
909,@vincencia_delfi
910,"Pak mentahan aja , saya pake wifi soalnya, saya juga  mau beli beli di shope mumpung ada flash sale ni pak"
911,Alumni yg masih anget juga dong pak
912,Tiap bulan dong pakkk kan kuliah onlinenya sampe akhir semester
913,Kalo nomernya By.u bisa gaaa ya? Kan by.u bagian telkomsel @telkomuniversity
914,penghamburan untuk pengguna WiFi
915,yhaa~ di rumah ga ada sinyal tsel ğŸ˜¢
916,Butuh fresh money aja pak buat amal
917,Okdeh demi kuota gratis gue ganti pake simpati
918,Napa ga transfer aja?
919,Bagaimana dengan kami yang berada di kos pak? Kami masih punya paket internet WiFi dan akan segera melanjutkan pembayarannya
920,Pulsa aja atu pak :(
921,Pak mentahnya aja boleh gak biar kaya upi.
922,@coffemilo uwuuu
923,Min alumni dapet juga dongğŸ˜‚
924,Nomor di igracias ga bisa diganti min...
925,pak kalo di rumah pake wifi gimana pak:( alangkah lebih baik kalo uangnya buat bayar wifi bulanan di rumah pakğŸ¥º
926,Kalo calon mahasiswa dapet ga?:(
927,Tf ATM orang tua lebih bagus min kan data rekening di IGRACIAS ada
928,min yang gak pakai provider tsel gimana ya? jgn sampai gagal dapet subsidi sih min. atau plan lainnya boleh kalo mentahnya aja 300rb kirim ke no rek hehehe
929,Apakah kartu by.u bisa?
930,"apakah subsidi ini langsung diberikan dalam bentuk kuota yg sebesar 300k, yang dimana setiap daerah harga kuota tsel akan beda-beda per satu wilayahnya, dan saran saya lebih baik diberikan dalam bentuk pulsa saja biar nanti civitas telyu bisa membelikan kuotanya sesuai dengan harga wilayahnya masing-masingğŸ‘"
931,Yha ga adil yg gapake tsel gimane
932,Menurut saya ini masih belum efektif dikarenakan beberapa mahasiswa menggunakan kartu dengan operator selain telkomsel group. Akan lebih menguntungkan jika subsidinya berupa uang rupiah yang di transfer ke rekening masing masing.
933,"No nya udah ga aktif, tf aja. saya DM no rek saya ya ğŸ˜"
934,"udah beda, gak bisa diganti lagi. aelah bukan rezeky"
935,mentahannya aja bole ga pak? kirim aja ke no rek saya hehe
936,Nuhun kampus ter luv aingğŸ˜
937,Anjayy
938,Trus kalo yang pake kartu pascabayar gimana??
939,Yah kalo beda nomer sama yg di ig racias?
940,By.u bisa ngga ya? Itu kan dibawahnya telkomsel juga.
941,"Punten min,kalo kita yg gapke kartu telkomsel gmna ya?masa iya ga dapet subsidi nya"
942,Bikinin thread dong plizğŸ˜¢
943,@naufalnasrullah11 GG
944,Alumni dapet ga?
945,"punten admin, by.u bisa ga yak? by.u juga termasuk telkomsel kan?"
946,"Telkomsel Only guys, yang non-Telkomsel hayu mundur ğŸ˜­"
947,bismillah
948,Pak saya pake tri masa ga di kasih ğŸ˜­
949,Kalau provider By.U @byu.id bisa tidak?
950,Waa masih aktiiifff
951,Haruskah pakai nomor telkomsel?
952,@afanaljafar pak angga gg pan ğŸ˜‚
953,kereen pisaanğŸ‘
954,Sukses selalu untuk Tel-U. Luar biasa keren
955,Mantep
956,Luar biasa keren. Sukses ğŸ‘ğŸ‘
957,Keren sih ini mah
958,Bangga sekaliâ™¡
959,ğŸ˜ğŸ˜ğŸ˜ semoga segera bisa dimanfaatkan bangsa ini
960,Turut bangga.. Terima kasih Telkom University ğŸ™
961,Maskernya keren
962,Pak pengen maskernya pak ğŸ˜
963,ğŸ’ªğŸ’ª@inacos_laboratory
964,â¤ï¸â¤ï¸â¤ï¸
965,Makin lama makin keren kampus iniğŸ”¥ğŸ”¥
966,kerennnnnnnn
967,keren!!
968,ğŸ”¥ğŸ”¥ğŸ”¥
969,Mahasiswa yang rakit namanya ga dicantumin?
970,tah nan @aabdill
971,Bangga ga tuh @seilla13 @iqbalcholil
972,"Bersyukur bgt masuk ni kampus:) , ga pernah kepikiran pindah ptn karena tel-u selalu gercep dan mendengarkan aspirasi kita, proud of u tel-uâ¤ï¸"
973,Semangat dan terus berkarya ğŸ’ªğŸ‡®ğŸ‡©
974,ğŸ‘ğŸ‘
975,ğŸ”¥ğŸ”¥
976,ğŸ”¥ğŸ”¥ğŸ”¥ğŸ”¥ğŸ”¥ keren ğŸ‘ŒğŸ»
977,"Wow ada pak kemas, jago2 nih semuanya penelitinyağŸ™"
978,KerenğŸ’™
979,Kerenn!!
980,Kereeen ğŸ‘ğŸ»ğŸ‘ğŸ»
981,Kerenn bgtğŸ‘
982,@rousugan @alief.marufi.nuryan
983,Gelow line up dosen2nya imba semua
984,Yang sebelah pak Profesor itu pak angga kan yam. Dosen FTE..
985,Anjay pak Angga ğŸ‘
986,Kalo pake mandiri va ttp itu min?
987,Akhirnya
988,Siip
989,Pake duit bpp kita aja hahaha
990,min ini klo dah tf perlu konfirmasi ga?
991,rumah sakit dan tenaga medis yg mana yg dijadikan prioritas min? boleh di spesifikkan lagi target penerima bantuannya
992,Kalo pake mandiri va ttp itu min?
993,Congrats ğŸ˜
994,Congrats temen-temen infineeds!
995,Mantappp bro
996,wahh bapak dosen idola nih @yanu4r . dospem kece nih @andrie_n @adunmadun_works
997,@3011ulfah mba pie wk
998,kak ajenggg @ajeng.ayuning ğŸ‘ğŸ»ğŸ‘ğŸ»ğŸ‘ğŸ»
999,Min mauu dong. Aku mhasiswa tel-U jurusan d3 tt yg msih blum plng min:'( butuh banget buat pulang nntinya krna beli di apotik sdah mahal @telkomuniversity
1000,@dinxart boleh nih
1001,bisa tuh diproduksi massal dan dibagiin ke masyarakat yang membutuhkan
1002,Mau min..
1003,@sucifira @ssyaffiraz
1004,@abahbawok ambil bah
1005,Keren
1006,Buset hasil lu ya mi @hilmyatha
1007,min security kampus telkom menunggu sekali  masker y....
1008,"Jangan melupakan security2 dan OB di telkom ya min, jajaran tertinggi harus memperhatikan mereka juga sebagai staff yang ada di TelU ini, terima kasihğŸ™"
1009,Bangga seh
1010,Bagi Bagi Ke Mahasiswa Wkwkwk
1011,Oh tidak bungggg
1012,uweyyy @kamal.muhtar @fadhil.rizky
1013,eh di slide ke 3 mbanya ngelag ğŸ˜­
1014,Kalau mahasiswa yg masih di bandung kebagian jga gak?
1015,"Min, mahasiswa beserta jajarannya(keluarga) membutuhkannyağŸ˜"
1016,@ajeng.ayuning jeeng wiih jadi model keceeeh nih...bisa didapat dimana nih maskernyaa? dijualkaah? kereen yee tel UğŸ‘
1017,Mau dong ..ğŸ˜…
1018,prouddğŸ‘ğŸ‘
1019,@telkomuniversity Gak dijual ya min buat alumni? ğŸ˜€ğŸ˜€
1020,DOSBING AINKğŸ˜
1021,"Mauu min,ku masih di sekitaran kampus"
1022,"Kasian tuh security telkom yang selalu standby terus selama yang lain work from home, maskernya cuman itu"" aja. @telkomuniversity"
1023,Jual online juga dong
1024,Mantap ğŸ”¥ Bisa nih kirimin satu ke saya
1025,desproğŸ˜ @jesseazzard
1026,Gini mksd gw porn @mghufrann
1027,Anak kriya gk skalian dilibatkan bikin pattern?ğŸ˜‚
1028,"Min karyawan anak perusahaan yg masih sering kekantor semoga kebagian yaaak ğŸ˜ğŸ˜ apalagi TMART yang masih buka untuk melayani warga kampusss, makasi sebelumnyaaa ğŸ˜ğŸ˜"
1029,"Di produksi banyak ga min , kalo iyah bagikan secara gratis  ke masyarakat sekitar min heheheh ğŸ˜"
1030,Mahasiswanya ga dibagikan juga nih?
1031,min
1032,@firaayuningtyas ke kampus fir
1033,Semangat terus Almamater kuğŸ’ƒ
1034,Bisa dibeli ga nih?
1035,Mahasiswa juga mau dong ğŸ˜¢
1036,Saluut..ğŸ‘ğŸ‘ğŸ‘
1037,Dibagikannya ke kosan n rumah2kah? Krna msh ada mahasiswa di kosan
1038,Ihh ketjee ğŸ˜ğŸ˜ğŸ˜
1039,Mau dong telkom...
1040,Eh ada teh @ajeng.ayuning hahaha ğŸ¤£
1041,di produksi masal ga nih min?
1042,Kampus siapa si ni keren bgt
1043,Mau min
1044,Di jual dimana ya?
1045,Bolelah kuota 300rbnya dipotong dikit jadi maskerğŸ˜‚
1046,"Saran, tiap mahasiswa dikirim 1 pack ke alamat rumah masing"" @telkomuniversity"
1047,Sudah ada produk reusable mask juga nih bermerk MASKIT @maskit.store
1048,SINERGY BANGOON NEGRY
1049,kreatif banget kampus lu @nawataz
1050,Aku cinta SDP
1051,Mau dpet ini drimana atuh min
1052,Modern problem with modern solution required
1053,Bee terinspirasi @nandals18_2 @normaaalf @karimaahahaha @deanovn
1054,kampus siapa niii
1055,Wah gas chamber
1056,Lead the way ğŸ‘
1057,Apakah dengan ini perkuliahan akan kembali onsite ? ğŸ˜Œ
1058,"Oh ini yg Mimin lihat kemarin pas lewat Telyu, waaah mantul"
1059,Keren ğŸ”¥
1060,Kalo mobilnya baru dicuci bete banget
1061,"Min mumpung prei sui bulan bulanan, dalane aspalen, parkiran e benakno, pedagang2 dikelola ben tertib ra morat marit ng ngarepan. Jare world class univ , mosok slogan tok infrastruktur e kudune yo melu world class."
1062,"Besok2 bikin e-pass biar kalo keluar masuk gausah tap ktm ya, cukup pelan2 aja"
1063,Jadi nu asup teh kudu di chamber ban na @galuh.ydhstr @prastalazuardie
1064,Berasa tiba tiba mutakhir kampus teh
1065,"Padahal lebih efektif disinfektan untuk dalam kendaran. Taxi/bus/kereta arus pergantian penumpang selalu terjadi dan perlu disinfektan berulang. Di luar kendaraan, sepertinya masih opsional. Bikin aja mesin otomatis kayak pengharum ruangan stella yg crot gitu tp diganti cairan disinfektan. Better deh. Jangan gengsi meniru cara kerja alat yg udah ada tp lebih oke dipakai...."
1066,"Keren bgt, untung udh pada balik jd gamacet wkwkw"
1067,ğŸ‘ğŸ‘
1068,ğŸ‘ğŸ¼ğŸ‘ğŸ¼ğŸ‘ğŸ¼
1069,car chamber bukan harus nya?
1070,Iya mobilnya disemprot org ny kaga kena wkwk
1071,Tel U gak mau kalah sama adiknya ITTelkom Surabaya ğŸ”¥ğŸ”¥ğŸ”¥ğŸ”¥
1072,Bangga deh sama telyu
1073,bikin karat mobil ngaco lagian virus gaakan bertahan hidup tanpa droplet. baca dulu berita baru!
1074,cuci mobil gratis pake disinfektan gaes @lulaflah @gildanaufal @novellyy @alvindaamaliarizkita @ekaniambarwati @nindamhrn
1075,Sensornya ditaruh di mana? HiyakkkğŸ¤£ @dheaudiva
1076,Keren sih iniğŸ‘Œ
1077,@fraellerel @salsabilap004 ntar Kita mainin yak ğŸ˜
1078,Bayangkan pas lewat lupa nutup jendela
1079,Keren banget kampus gua
1080,tapi kan kawasan kampus di kunci :)
1081,bentar lagi buka carwash
1082,@likodavs mbayar piro lurr wkwk
1083,ğŸ˜ğŸ˜ğŸ˜
1084,Proud
1085,Kalo pengguna motor gak ada ya pak?
1086,Jika ini hari biasa pasti macetnya sampaii kemana mana wkwkw
1087,Apa tidak rusak cat mobilnya? Cek dampaknya. Berapa besar dampaknya??
1088,itu mbak2 sama mas2 yg ngerekam.......... ngapain.....
1089,ğŸ˜­ğŸ”¥ğŸ‘
1090,@dioilham kampus kita bikin juga kan ya ? ğŸ¤£
1091,Salfok sama yang videoin
1092,KereenğŸ‘
1093,ğŸ™ŒğŸ»â¤ï¸â¤ï¸
1094,Gimana caranya supaya di dalam mobil juga terkena semprot bersamaan pada saat mobil masuk melewati chamber? Hayo
1095,@rousugan @alief.marufi.nuryan
1096,Makin keren aja abis ditinggal
1097,Bangga
1098,Sekalian cuci mobil gratis dong
1099,bntr lg jd ptn amin
1100,kenapa sih kampus gue kerenğŸ˜­
1101,MantapğŸ˜
1102,*Car chamber
1103,ğŸ”¥ğŸ”¥
1104,waaa mantapp ğŸ˜
1105,ğŸ˜ğŸ˜ğŸ˜
1106,mobilnya ga chamber :(
1107,Aishh canggihnyaaa
1108,I'm proud of you telUğŸ˜˜
1109,@irsyadw ini?
1110,"Nah bagus ini kalo untuk mobil/kendaraan bukan untuk manusia, mantap emang telyuğŸ¤—"
1111,Mantap slur
1112,Wah keren !!!
1113,tar macetnya sampe gapura ga?
1114,â¤ï¸â¤ï¸
1115,Legittt ğŸ”¥
1116,Bangga saya
1117,Keren skli
1118,ğŸ»ğŸ»
1119,@didir_fachrudin
1120,@seujiro.senpai
1121,@putut_suzzn
1122,Kak @telkomuniversity saya sudah buat akun tapi kenapa ketika mau login username dan pasword nya salah terus padahal sudah sesuai
1123,Kapan pengumuman jalur ini kak??
1124,"Kak klo lulusan  2018 blum bisa ya,  padahal kmren dah smpet daftar,  gmna ya....."
1125,Ada biaya pendaftaran tidak kk?
1126,Yang jurusan keagamaan?
1127,Kak baca DM pleaseğŸ™ğŸ˜‡
1128,Kenapa lulusan 2018 ngga ada ? Ngga bisa daftar ya kak?
1129,kakkk inii bayar berapa?
1130,@monicawlia
1131,pengumuman kapan min
1132,Min kalo lolos jalur ini terus juga lolos sbmptn bisa mengundurkan diri gak min?
1133,@intifaiya_ Jurusan bahasa onok
1134,@aulianabillabrtrg
1135,@ronii_surya tuh
1136,@deannarz_
1137,@mt.aminarti
1138,Ini cakupan besiswanya apa sj y kak @telkomuniversity
1139,@_riaananda  @annisaflubis
1140,@dwipuji_06
1141,@_dbrpsrrrr123
1142,@andaraptriar
1143,Pendaftaran ditutup kapan @telkomuniversity ?
1144,Beasiswa nya full atau brp persen ?
1145,Aturan beasiswa nya pas udah keterima gimana kak? Ada ketentuan pencabutan atau gimana kak?
1146,@hanief708
1147,Ka dm saya tolong d baca
1148,@reneren05 :((
1149,"Min..sy mau nanya..kalo semisalnya kita udah keterima di jalur jpa 1, trus ikut lagi seleksi di jalur beasiswa, tp ternyata ga lulus di jalur beasiswa..nah, status saya tetap jadi camaba telkom di jalur jpa 1 kan min?ğŸ˜‚"
1150,Kak yg udh ikut jpa 1 jg bisa ikut?
1151,@firahfakhirah01
1152,@shrianii28
1153,"Kak, aku udah lulus jalur utg tapi ingin mendaftar jalur beasiswa, tapi kok pas di website ngga bisa ya? Yang keluar hasil kelulusan dr utg trus"
1154,@amandakrna
1155,Kak @telkomuniversity yg lewat jalur beasiswa itu sebelumnya diambil dari apa ya kak?
1156,nilai rapornya smeester 1-4 atau semester 1-5 min?
1157,Kak lennyğŸ˜ @lennymerantyca
1158,@terserahsayamoo
1159,@terserahsayamoo raporr ini
1160,Terimakasih. Informasi selengkapnya dapat di cek di timeline kami ğŸ˜ŠğŸ™Œ
1161,@taniaazizahr
1162,"Kak, kalau misalnya kuta sudah keterima lewat JPA 1 dan sudah bayar boleh daftar jalur beasiswa gak kak? Dan apakah uangnya kembali?"
1163,Woww
1164,ğŸ‘ğŸ”¥
1165,ğŸ‘
1166,Kereeeenâ¤
1167,ğŸ”¥
1168,ğŸ‘ğŸ‘ğŸ‘
1169,ğŸ‘ğŸ‘ğŸ‘
1170,ğŸ‘ğŸ‘âœ¨
1171,ğŸ‘
1172,@pradithadis
1173,kalo gada passport gmn
1174,Thank you!
1175,Telkom please this isnt a time for doing thesisğŸ˜­ğŸ˜­
1176,@pradithadis
1177,@rousugan @alief.marufi.nuryan
1178,@lauda.ffa ih kukira itu anda yg pake kaos nike
1179,KerennnğŸ˜
1180,mantaabğŸ‘ğŸ˜
1181,"ngeriih nang, lanjutkaan @risnanda.strm"
1182,MasyaAllah
1183,Sukses buat AUMR Mobile Robot Telkom University semoga bisa membantu utk memerangi Covid 19 di Indonesia
1184,Suara pak soni bukan sih ? @nurviawan_
1185,mantap mas @ravindraditama_
1186,mantap juga mas @achmadriyadiii
1187,Look ni leee ğŸ¤­ @woylaaads
1188,Gokil mas nanang @risnanda.strm
1189,Mantapsih
1190,Keren juga uğŸ‘ @achmadriyadiii
1191,"wihhhh sampe ke wisma atlet segala, mantaps â¤ï¸â¤ï¸â¤ï¸"
1192,"Kereen,Sukses yaa TelUğŸ‘"
1193,"alus euy, kenal teu? ğŸ˜‚ @gilangtawaqal  @viekrie_maifa_ch"
1194,Anjay @rayhanhasibuan ğŸ”¥
1195,Bangga ğŸ’“
1196,Yallah kampus siapa ini mantep bangetğŸ˜­ğŸ˜­
1197,Semoga senantiasa memberi manfaat.ğŸ‘
1198,Up dong @detikcom @kumparancom
1199,@raflyan_abidzar sokin masuk telkom wkwk
1200,@risnanda.strm asik asik
1201,makin bangga jadi telutizen
1202,Kerennnn
1203,ğŸ™Œ
1204,ğŸ‘ğŸ»ğŸ‘ğŸ»ğŸ‘ğŸ»ğŸ‘ğŸ»
1205,Dhe look wkwkwk @angelydhea bangga gak tuh?ğŸ˜‚
1206,Mantull TelU
1207,Mantaapp bettt emangggg ğŸ‘ @risnanda.strm
1208,Jadi artis lu bang @ravindraditama_
1209,"mantap, lanjutkan! @ravindraditama_ @achmadriyadiii"
1210,Keren
1211,Pak soni ğŸ˜»@gilangarievanda @gadingisy @dunungan_ @sarahistiqomah_ @adila_fatyah
1212,keren bgttt!!
1213,Mantap Tel-U ğŸ¤Ÿ
1214,Innalillahi wa innaillaihi rojiun.. ğŸ™ğŸ™ğŸ™Ya Allah kenapa pak Eko? @hidayhnurul
1215,ripğŸ™
1216,Amin YRA ğŸ¤²ğŸ»
1217,Aamiin YRA
1218,"RIP Pak Eko, semoga ditrima disisiNya, dan keluarga yg ditinggalkan diberi kekuatan ğŸ™"
1219,"Amiin"" YRA"
1220,Innalilahi wa Inna ilaihi Roji'un turut berduka cita..
1221,Innalillahi....
1222,Amiiiiin YRA.... semoga husnul khotimah....
1223,Aamiin yaa robbal alaamiin
1224,"Rip kak eko, semoga husnul khotimah ğŸ™ğŸ»"
1225,innalillahi :(
1226,Innalillahi wainnailahii rojiun...
1227,"Eko? Innalillahi wainnaillahi rojiun....teman seangkatan dan sekelas sy te-26-03...ketua kelas...org nya baik.....smoga husnul khotimah ko....btw, kenapa ya?"
1228,Aamiin... Ya Rabb'
1229,Innalillahi wainnailaihii rojiun.
1230,"Innalillahi wainnailaihi rajiun, allahummagfirlahu warhamhu waafihi wa'fuanhu. Meninggal nya knp min?"
1231,"Turut berduka cita, smg Alm,husnyl khotimah.. dan saya Mau nanya, apakah Benar Alm. Meninggal atas Covid-19? Soalnya ada berita tertulis beliau meninggal dikarenakan covid19. Mohon maaf jika salah, karena hanya memastikan agar berita tidak simpang siur"
1232,Innalilahi wainnalilahi Rojiun semoga amal ibadahnya di terima di sisiNya.
1233,Innalilahi wa innailaihi Raji'un
1234,Turut berdukacita
1235,Aamiin yaa robbal alaamiin
1236,"Rip kak eko, semoga husnul khotimah ğŸ™ğŸ»"
1237,innalillahi :(
1238,Innalillahi wainnailahii rojiun...
1239,@telkomuniversity Pendaftar khusus daerah makassar atau seluruh indonesia?
1240,Apakah akan membuka jalur ekstensi online? D3 ke S1?
1241,Hmm noh @jordanfazah
1242,@uswtl  bisa nihhh ğŸ˜…
1243,S2 kapan tersedia min?
1244,@talitharizki  tal enak km gmn ajağŸ¤¤
1245,Pika ko berminat? Wkwk @oohfik
1246,apakah bisa untuk kelas ekstensi dari D3 ke S1? @telkomuniversity
1247,Info dong buat S2 nya min @telkomuniversity
1248,Yg S2 dong...
1249,Selain makasar bisa gak min?
1250,Mesti di makassar ya min? ğŸ¥º
1251,@rudyy_050195
1252,"@saily_r @my.winda kali aja minatğŸ˜‚ berpusat di mksr, biar bisa ada alasan main"
1253,Wuih mantaap
1254,Disemarang gak buka kak?
1255,Manajemen dong minğŸ˜©
1256,Biaya berapa min?
1257,Info dong buat S2 nya min @telkomuniversity
1258,Yg S2 dong...
1259,Selain makasar bisa gak min?
1260,Mesti di makassar ya min? ğŸ¥º
1261,@rudyy_050195
1262,"@saily_r @my.winda kali aja minatğŸ˜‚ berpusat di mksr, biar bisa ada alasan main"
1263,Wuih mantaap
1264,Disemarang gak buka kak?
1265,Manajemen dong minğŸ˜©
1266,Biaya berapa min?
1267,@telkomuniversity Pendaftar khusus daerah makassar atau seluruh indonesia?
1268,Apakah akan membuka jalur ekstensi online? D3 ke S1?
1269,ğŸ’•ğŸ’•ğŸ’•
1270,Ciee masuk akun resmi @telkomuniversity @bagas_huda
1271,@bagas_huda @lazissu
1272,"Yuk perjuangan masih belum berakhir, insyaAllah bantuan, support dan donasi anda akan kami salurkan dengan sigap, untuk informasi donasi bisa cek di IG kami (punten min @telkomuniversity hehe)"
1273,Avenger jabar ğŸ˜
1274,SemangatğŸ”¥
1275,Kuota gimna min??ğŸ˜‚
1276,@fazadiyan ada jg itenas cuy
1277,Nomer 4 asik nih. telco2009
1278,ğŸ”¥ğŸ”¥ğŸ”¥ğŸ”¥ SEMANGAT
1279,Menunggu kuota
1280,GokilğŸ”¥
1281,#MenungguKouta
1282,Po po po power rangerrrr
1283,Yah zoom nya gak versi berbayar :(
1284,@rousugan @alief.marufi.nuryan
1285,Anjay mabar
1286,ğŸ‘ğŸ‘
1287,â¤ï¸â¤ï¸
1288,Upi kalii bukan ui...
1289,Pak kuota pak
1290,ğŸ”¥ğŸ”¥ğŸ”¥ğŸ”¥ SEMANGAT
1291,Menunggu kuota
1292,"min,saya barusan bayar pin saat sudah di bayar kok malah di web nya belum melakukan pembayaran ya?mohon bantuannya"
1293,Min subsidi kuota nya kok blm masuk ya hehe
1294,ğŸ‘ğŸ‘ğŸ‘ğŸ‘
1295,Keren bgt @farhananoer ğŸ˜
1296,Laa hawla wa laa quwwata illaa billaah
1297,KereeennnğŸ˜ğŸ˜ğŸ˜ğŸ˜
1298,MasyaAllah keren sekalii!!
1299,Merinding
1300,"Rasa gak cocok n adab euy.hati2,nyanyiin asmaul husna"
1301,"Salut, terus mendunia"
1302,ğŸ”¥
1303,#AMAZING
1304,spectacularğŸ’¯ğŸ’¥
1305,@ikhaasd ğŸ˜Œ
1306,#AMAZING
1307,Luv â¤ï¸â¤ï¸â¤ï¸â¤ï¸â¤ï¸
1308,"Agama yg kita semua peluk, pelajaran bertoleransi itu selalu di ajarkan, hehe. #Amazing #human #being ğŸŒ»"
1309,@edsaleo_  ada lo gasi?
1310,Masyaallah....ğŸ˜­ğŸ˜­ #AMAZING
1311,Menurutku lebih baik stylenya kayak asmaul husna yg ada di yutub hehe kalau kayak gini jadi lain soalnyağŸ˜‚
1312,SubhanallahğŸ”¥ kerenğŸ”¥
1313,Kerennn ğŸ˜
1314,#AMAZING
1315,ğŸ’¯ğŸ’¯ğŸ’¯
1316,Ada anak LDK atau BM yg blg ini keren?
1317,#AMAZING
1318,#AMAZING
1319,Luv â¤ï¸â¤ï¸â¤ï¸â¤ï¸â¤ï¸
1320,"Agama yg kita semua peluk, pelajaran bertoleransi itu selalu di ajarkan, hehe. #Amazing #human #being ğŸŒ»"
1321,@edsaleo_  ada lo gasi?
1322,Masyaallah....ğŸ˜­ğŸ˜­ #AMAZING
1323,@arsenoitu keren kan kampus gua
1324,â¤ï¸
1325,Mauu dong min
1326,Calon kampusku keren banget emangğŸ’¯
1327,ğŸ¤”
1328,"Kurang banyak lah 
sekelas telkom"
1329,100 berarti 2 box ya?
1330,Mantap inovasinya udah sampe ada yg jual di alibaba https://m.alibaba.com/product/62498001987/Anti-Pollution-Black-Half-Customized-Dust.html
1331,Semoga @grabid makin sukses.. Jangan lupa kasih promo untuk tiap mhs telyu ya.. Hehe
1332,@arsenoitu keren kan kampus gua
1333,â¤ï¸
1334,Mauu dong min
1335,Min cara input pin nya gmn ya?
1336,Cocok nih!
1337,"Mana nih subsidi internetnya ga dapet2, katanya tgl 8ğŸ™"
1338,"Punten, Subsidi kuota nya kapan cair nya min ?"
1339,Min boleh baca dm aku ga...
1340,@kkhl.s kol berminat ga?
1341,"Min,kenapa nggak bisa upload foto buat bikin data diri di @telkomuniversity ?"
1342,@jovvitaa.a
1343,Kuota mana kakak??ğŸ˜‚
1344,Subsidi kuota dah sampe mana yaa min ?
1345,Bayar ga min?
1346,Nah tuh bayar teu
1347,Dpt tak g
1348,Beda nya sama beasiswa jalur rapot apa min ? @smbtelkom
1349,Mau ikuutt ahh
1350,"Asslamualaikum saya mau bertanya
Saya kan ikut beasiswa telkom jalur rapot,Nah disitu tertera nilai fisika.
Sedangkan dirapot saya pelajaran fisika hanya ada di semester 1-2 saja semester seterusnya tidak ada pelajaran fisika.
Bagaimana cara saya mengisinya ?
Saya kosongkan nilai fisikanya malah ada tulisan harus diisi"
1351,Yukk ikuttt
1352,X mark dulu
1353,Gak bisa ke link nya min
1354,Itu buat mahasiswa telkom aja ya min?
1355,"min, ini khusus karir atau boleh konseling lain jg?"
1356,zoom ada leak helo hati2 data bocor
1357,Bayar ga min?
1358,Nah tuh bayar teu
1359,Punten mau bertanya apakah telkom university tidak ada subsidi kuota untuk mahasiswa? Terima kasih.
1360,"Kuliah online butuh kuota, tolonglah minimal ada insentif khusus paket indihome atau apa buat gitu mendukung proses kuliah, bpp kita tolong dimanfaatkan buat kepentingan mahasiswa"
1361,"Dari pada buat check in begini mending obrolin subsidi kuota. udah ga ada potongan bpp, tugas numpuk banyak bener, kuota borosbukannya nambah pinter malah nambah ....."
1362,Subsidi internetnya mana nih??
1363,Punten mau bertanya apakah telkom university tidak ada subsidi kuota untuk mahasiswa? Terima kasih.
1364,"Kuliah online butuh kuota, tolonglah minimal ada insentif khusus paket indihome atau apa buat gitu mendukung proses kuliah, bpp kita tolong dimanfaatkan buat kepentingan mahasiswa"
1365,"Dari pada buat check in begini mending obrolin subsidi kuota. udah ga ada potongan bpp, tugas numpuk banyak bener, kuota borosbukannya nambah pinter malah nambah ....."
1366,Subsidi internetnya mana nih??
1367,Nah gini ğŸ˜
1368,Bcs Jesus died for us
1369,makasih minğŸ™
1370,"Terima kasih admin ğŸ™, Semoga Tuhan memberkati :)"
1371,ğŸ˜
1372,God Bless
1373,ğŸ™
1374,Subsidi kuota nya ka
1375,Thank you admin...ğŸ™
1376,"punten, saya mo minta no.resi subsidi kuotanya ka, udh sampe mana ya?"
1377,Terimakasih Telkom University ğŸ˜ŠğŸ™ğŸ˜ŠğŸ™
1378,"Admin,pas upload berkas dan udah ada kartu peserta kok gada fotonya ya?padahal sudah upload foto"
1379,Kuota gimna kakak?ğŸ˜‚
1380,"Permisi, untuk pengupload-an nilai rapotnya, kalau pernah ganti program gmn ya? Karna awalnya saya pernah diprogram ipa selama satu semester sebelum pindah ke bahasa"
1381,tas kecil khas bojongsoang nya kaka
1382,Kuotanya mana... Ini keburu UAS
1383,QWOTA ğŸ˜¥
1384,Telkom kang ngeprank ğŸ¤£
1385,Sekedar mengingatkan telyu kapan ya ngirim subsidinya
1386,"Aduhh kuota abis, pun10 telyuu :(("
1387,punten kuota nya udh sampe mana kak
1388,"Assalamualaikum

Alhamdulillah _Semoga Allah Melindungi kita semua _ _sehat wal afiat _ _terkhusus bagi keluarga kita yang kurang sehat , Allah memberikan kesembuhan dengan kesembuhan yang sempurna_ *Wassalamualaikum*"
1389,Mohon maaf juga ada grammatical error disitu. Semoga tidak mengurangi fungsi dari alat tsb ğŸ™
1390,kualitas.
1391,Baarakallahu fiikum
1392,"Keren ğŸ‘,, RSUD Al-Ihsan juga dong kak hhe"
1393,Automatic HAND WASHING machine kah?
1394,Proudâš¡
1395,Mana kuotanya
1396,LEAD THE WAY!âš¡
1397,LEAD THE WAY âš¡
1398,Suka ni yg gini ni
1399,Show us how it works
1400,"Kuota dulu urusin, gmna ini wey?"
1401,bangga.
1402,MantapğŸ‘
1403,let's go boys!âš¡âš¡
1404,ğŸ‘ğŸ‘
1405,KALIAN KERENğŸ‘ğŸ»
1406,#ELTW ğŸ™ğŸ™
1407,Mantep
1408,Kuotanya belum masuk ya min?  Atau gimana?
1409,Proud @dodsstwn ğŸ‘
1410,ha pasti ini yg buat ni @f.hussyaini
1411,@khomanshn langsung ciptakan dlu lgi pintunkemana saja bg man biar bsa cepat kemana2 wkwk
1412,ğŸ”¥ğŸ”¥ğŸ”¥ğŸ”¥ğŸ”¥ğŸ¯
1413,mungkin hand washing machine maksudnya
1414,kualitas.
1415,ğŸ”¥ğŸ”¥ğŸ”¥ğŸ”¥
1416,Lead the wayğŸ”¥
1417,Mantaaaaapppp
1418,"Talk less do more, salam elektroâ¤"
1419,Elektro LEAD THE WAY ! âš¡
1420,Nice
1421,kalung apa itu bg man? @khomanshn ğŸ˜‚
1422,âœŠ
1423,goksğŸ”¥
1424,KEREENNN
1425,Ilmuwan kali rupanya ya @khomanshn
1426,Wehh ada babang @frendynbrh
1427,Mantab
1428,Proud.
1429,Mantappppp !
1430,Mantapp
1431,Kereen...ğŸ‘ğŸ‘ğŸ‘
1432,Mantapp
1433,Kereeeeeen
1434,sedeeeppğŸ”¥ğŸ”¥
1435,ğŸ˜ğŸ˜ğŸ˜ğŸ˜
1436,MantabğŸ‘ğŸ‘
1437,Fte together nurturing the future
1438,Di klinik bisa cek positive/negative corona kah?
1439,untuk kami yang di luar gedung (kawasan) mendapatkan hand sanitizer atau sabun cair untuk cuci tangan? @telkomuniversity @syaefulrizall @m.darmawan2505
1440,"Itu pas trakir nutup keran nya ,ya kotor lg dong.. kayanya telkom kudu ganti kran nya deh pake sensor atau pake keran injek"
1441,Min itu sebelum cuci tangan gausah pegang muka dan rambut:(
1442,"Telkom bagi2 handsynitizer dong buat yg di luar area telkom, kami yg anak kos kesusahan carinya"
1443,Mantapss
1444,Min kerannya ga perlu dibiarin kebuka pas gosok2 tangan
1445,"Abis cuci tangan kalo ngeringin pake tisu secukupnya aja ya guys, satu lembar aja cukup koo ğŸ˜‰"
1446,L
1447,"Pas duduk di tempat umum, gak perlu pegang bangkunya ya."
1448,@belvadriantama
1449,"Terlalu banyak menggunakan hand sanitizer bisa membuat kulit kering dan timbulnya bakteri baru gais. Jadi bisa alihin ke sabun aja ya,atau bisa pake sarung tangan aja hihi"
1450,@wikinote ğŸ˜˜
1451,"It's time to be Akhie and Ukhtie, haha..."
1452,"Saran aja, selama pakai sabun kerannya bisa dimatikan dulu spy menghemat air."
1453,"Trus bagai mana dengan siku yang dipake buat buka pintu, kalau semua orang juga pake siku -_-"" harus ikut dicuci juga dong sikunya"
1454,"Telkom bagi2 handsynitizer dong buat yg di luar area telkom, kami yg anak kos kesusahan carinya"
1455,Mantapss
1456,Min kerannya ga perlu dibiarin kebuka pas gosok2 tangan
1457,"Abis cuci tangan kalo ngeringin pake tisu secukupnya aja ya guys, satu lembar aja cukup koo ğŸ˜‰"
1458,Yaa kirain lulusan telkom
1459,"Ada jurusan ""Airplane"" tidak di Universitas Telkom?"
1460,Yaa kirain lulusan telkom
1461,"Ada jurusan ""Airplane"" tidak di Universitas Telkom?"
1462,Sedih fif ga ada lift
1463,Tiap ujian juga social distance
1464,Gedung belakang asrama buat fakultas teknik ya min ? Biar dapet lift ğŸ˜„
1465,Kok gaada foto FTE?
1466,Haha jangan harap pagi mau social distancingğŸ˜‚
1467,@annisahmrn @kendryayu fte fri can't relate
1468,Fif kok gak ada ğŸ˜­ğŸ˜­
1469,Wkwk nasib FTEku ğŸ˜‚
1470,kebayang antrian lift gku bakalan kek apa.. auto tangga :v
1471,"Mantap, skarang bisa main pump dalem lift."
1472,Fakultas Teknik mendukung Indonesia Sehat naik lewat tangga hahaha
1473,FTE tangga nya aja kali dikasih juga biar setara
1474,Jangan sampai ada kuliah
1475,Kok semua matkul jadi tugas?
1476,"Ku fikir ada panggila telekonference, kok semuanya jadi tugas online wkkw"
1477,terus yg antri lift makin panjang dan bnyk
1478,FTE? Oh iyah kan pakenya eskalator dari beton ğŸ™ƒ
1479,Fakultas belakang keliatan banget gaada lift
1480,lu mencium bau bau kuliah ga si @alexiss_mbl @heyitsazky @gambriw11 @jengskuyterus @grasyiela
1481,parkir motor gimana?
1482,@cisansan.nl tuh u can look at this pict
1483,"Physical distancing bukan social,"
1484,FIF santuy tanpa lift
1485,Jadi kapan ada rencana fte dikasih lift ğŸ˜„
1486,"Lohh FTE ?, oh Gak ada liftğŸ˜‚"
1487,Lift FTE ga dipasangin gitu juga ?  #poorfte wkwk
1488,@putriadelia210
1489,@angeliana70 @dionisio_07 @aljpmarbun @stllmaris @lidiagabriellaa
1490,Kelas pagi cant relate kalo udah normal ğŸ˜…
1491,FTE ga dikasih gituan juga? Eh
1492,Fte manaa nihg
1493,itu ngadepnya sesuai panah?
1494,Terbaik memang kampusku ğŸ™ŒğŸ¼
1495,FIF FTE FRI can't relateğŸ˜‚ğŸ˜‚ğŸ˜‚
1496,Gamau naro hand sanitizer di daerah kampus gitu?
1497,Min mau nanya kalo mau sekedar cek boleh ga?? Parno bangett :(
1498,Gamau naro hand sanitizer di daerah kampus gitu?
1499,Min mau nanya kalo mau sekedar cek boleh ga?? Parno bangett :(
1500,"MAKIN CINTA SAMA KAMPUS GUE YANG TBTB BATALIN WISUDA BULAN INI, TERIMAKASIH SUDAH MEMBAKAR TIKET PESAWAT PP, DAN HOTEL. GUE GAK AKAN LUPA SAMA KAMPUS INI! â™¥"
1501,"Ciee yg matiin kolom komenannya, ğŸ‘"
1502,Mau tau bagaimana sih kerja di vinilon. Ada kegiatan internal dan eksternal apa aja sih di sana. Gimana Vinilon mengembangkan karyawannya agar jadi kompeten. Kalo mau tau. Ayuk atuh mampir ke ig kita. Jangan lupa di follow yaa...Kalo kamu gak mau ketinggalan info info menariknya.
1503,knp matiin kolom komentar si yg pembatalan wisudağŸ˜‚
1504,Minn....yang diasrama gimana...di pulangkan dulu kah??
1505,unchhhhh
1506,@novimaedanii
1507,Yuhuuu selamattttğŸ˜ğŸ˜ğŸ˜ @tiurmahutabaratt @qorinsyah
1508,Anjir keren parah kak tiur! @tiurmahutabaratt
1509,keraddd!!ğŸ˜ @tiurmahutabaratt
1510,ğŸ˜
1511,Tetep semangatt errrrğŸ’œ @erlinarizkyr
1512,Lah kok gaada cad @irsyad.rd
1513,"@aura.dft yeeaayy menang, congrats ya  @tiurmahutabaratt"
1514,U first in ma â¤ï¸ @erlinarizkyr congrats
1515,@avivoon muka bahagian bgt yah
1516,@sukamenduga ngpain mas disitu?
1517,Mau tau bagaimana sih kerja di vinilon. Ada kegiatan internal dan eksternal apa aja sih di sana. Gimana Vinilon mengembangkan karyawannya agar jadi kompeten. Kalo mau tau. Ayuk atuh mampir ke ig kita. Jangan lupa di follow yaa...Kalo kamu gak mau ketinggalan info info menariknya.
1518,Libur apa kaga sihh univ lain dh pada kuliah online tau
1519,Kuliah online jadi apa nggaa @telkomuniversity ???
1520,liburin dong
1521,Weh libur ga
1522,ğŸ˜
1523,Tetep semangatt errrrğŸ’œ @erlinarizkyr
1524,Lah kok gaada cad @irsyad.rd
1525,Lagi semangat nya malah online
1526,@nerfaizi wes bener nang omah ae le
1527,Tetep aja laboran gabolehin libur praktikum pdhal jelas surat edaran tidak ada praktikum
1528,@tianaa_21 ini lu libur
1529,Lalalallaal pulang lai @cimeng_216
1530,ga kebaca ğŸ˜­
1531,Yang paham coba tolong jelaskan ke saya poin nomor 2
1532,perpustakaan libur juga ya kaa?
1533,@shafiraamallia & @anitasari.sh  ini pengumumannya..
1534,yess libur bel ayo kita ke kutub utara mencari kitab suci @nabillpuspita
1535,@rifanrasyid @alfarizifadiandi
1536,"Harusny kuliah onlinenya 1 bulan , soalnya kan ini virus bahaya , biar benerbener mencegah. Bener ga si?"
1537,Di zoom ngeblur
1538,@thp_18 hati-hati ya my bro
1539,Ya alloh padahal saya teh udah semangat pengen bgt kuliah super semangat.. Eh malah 2 minggu libur dulu hm yaudah deh gpp.. Stay save all people @ngapainblek @arvinbelvafarchan @candrabudimaan
1540,Ini kuliah online atau tugas online sebenernya min ?
1541,it's corona time~
1542,tolong pasir podomoro sangat membuat muka saya kusam
1543,Akhirnya
1544,@nunik_19 balik engga?
1545,Gw orng bandung dah bosen pulang kerumah mulu tiap hari...
1546,"Maaf, untuk mahasiswa rantau bukannya lebih baik tetap berada di lingkungan telkom aja ya? Kalo berpergian, misal pulang ke rumah masing-masing, dan kita ga tau apakah kita punya virus itu, atau bahkan orang di sekitar kita pas perjalanan pulang, justru nanti malah nular ke orang rumah."
1547,Apakah ada kemungkinan kuliah online nya di perpanjang?ğŸ˜‚
1548,EY YO CORONA CHECK
1549,"Stay safe teman2, we can do this!"
1550,Besok EPrT tetep?
1551,wargot kira2 masih buka ga ya?
1552,Gaskeun lombok nih
1553,@anggunkania @patrickhugoo @shaviraeria
1554,Tas lu ga libur @tasyaocktavia_
1555,"Bukannya kalau pulang kampung malah memperbesar kemungkinan kontak dengan orang banyak? Apalagi kalau pulangnya lewat transportasi umum spt bus, kereta, pesawat"
1556,Sip
1557,@angelalnk
1558,rencana mau ngejar absen eh tau nya libur
1559,@yehezkielhart
1560,"Mau nanya, apakah perpustakaan tetap buka? Saya udah telat ini mau balikin buku:("
1561,gabisa plg krn rumah jauh check:â€)ğŸ’ğŸ»â€â™€ï¸
1562,Jadi ini kita disuruh pulang??
1563,Semoga kita selalu dalam lindungan allah
1564,munjul tetep buka ga?
1565,akhirnya @taniaayusukma @ilang.ilangg
1566,"Terimakasih infonya ,semoga semua dlm lindunganNya ,aamiin"
1567,"Yang magang bagaimana yahh soalnya temen-temen yang magang berkontak langsung dengan orang orang luar dan itu sangat sangat perlu diperhatikan, tolong kasih pencerahan min @telkomuniversity"
1568,Untuk verifikasi TAK atau pembuatan SKPI bagaimana ya min? Apakah dialihkan juga secara online ?@telkomuniversity
1569,Semarang i'm coming
1570,Ya Allah udah di tempat travel
1571,@fathyariyani bay nih bay
1572,Asik jadi libur @tbgsibrhm wkwk
1573,â¤ï¸â¤ï¸â¤ï¸
1574,"Diyakini tdk akan menyebarkan tuh gmn maksudnya? Pake perasaan? G bisa yakin2an, hrs cek darah :â€) gosh :â€)"
1575,"Mau balik, tapi jauh banget lagi-_-"
1576,Urvillnya gimana?:')
1577,yah aing lagi otw telkom astaga
1578,@yennyeny keknya gajadi balik lagi w
1579,Untung masih di Rumah wkwkw
1580,"Tiati bro jangan dijadiin ajang buat liburan, inget buat stay di rumah/kos masing2, jgn malah pulang trs bawa penyakitnya kesini"
1581,Yg dari kemarin galau @yusrilprasetyaaa @putrifrtnh @mahdar.ariantoo
1582,Kurang lama
1583,Pulang pulangg
1584,mana ke baca min
1585,"stay safe temen temen semua, yang nongki2 atau kegiatan keluar yang tidak perlu banget di tunda dulu ya, stay at kost/kontrakan kalian ğŸ¡ . Semoga virus Covid-19 bisa cepet selesai ya aamin ğŸ¥ºğŸ™ğŸ»"
1586,@alvdarmawan
1587,Burem ah
1588,@mhfasya
1589,Untuk yg susulan uts gimana min?
1590,"Pak kaprodi, tolong tanda tangan surat KP buat ke perusahaan dulu Pak"
1591,CakepğŸ˜‚
1592,jaga kesehatannn. ğŸ˜·
1593,yaAllah ga kebaca ya ini gimana kecil bner tulisannyağŸ˜”
1594,Ini baru telyu
1595,Untuk yang sedang magang dan TA/PA bagaimana yah?
1596,Alhamdulillah
1597,@toddyezra
1598,@firdanfl
1599,@diinn22
1600,@trinandarizky @fajarrdillah
1601,Yg magang bagaimana ya pak buk?
1602,@amilianabhila
1603,2 minggu ?
1604,Yang lagi mangga kaga libur dong ğŸ˜¢
1605,Liburr
1606,UI satu semester libur wkwk
1607,@azzahra_auliah
1608,@drama.telyu
1609,ayo plg:) @mirachairunnisaa
1610,AlhamdulilahhhhğŸ¤—
1611,ğŸ˜· Semangat
1612,kampus w emang grecep ğŸ”¥ğŸ”¥
1613,Sebaiknya asrama juga dilakukan penyemprotan desinfektan..
1614,"Emang mantul, alangkah lebih mantul kosan saya juga"
1615,Asrama juga dong. Mantap Telkom.... ğŸ”¥ğŸ˜‚
1616,Kosan saya mau dong pa
1617,Kostan aku dong wkwk
1618,"Konsultasi Statistik, Olah Data & Survey. KAMI AHLINYA ! Cek ig kita ğŸ‘‰ @analisisstatistik"
1619,@official.mathedu18a_
1620,ğŸ˜‚
1621,Cikoneng kak butuh disemprot jugaa
1622,Hati dan pikiran saya dong pak biar bersih kayak abis lebaran
1623,"Tolong ngeditnya jangan pake inshot, saya sudah gedeg denger backsound ini ğŸ˜‚"
1624,"KONTRAKAN SAYA SEPERTINYA ADA CORONA BERSARANG DI KAMAR DIKA @dhikaa.karrtiko  saya,candra dan arvin waswas dengan hal itu.. karna kami tidak punya cairan tersebut kami memutuskan membakar kamar tersebut hehe @candrabudimaan @arvinbelvafarchan"
1625,@ittelkom_purwokerto @join_ittp
1626,sekalian pak dibersihkan orang orang ini @awkariq_ @kennysharp08
1627,@putripedee
1628,Sekalian MSU nya
1629,@hapsarievivia Tolong kampus kamu kapan?
1630,"Akhirnya selama kurang lebih 3 taun berada di kampus ini, baru kali ini ada deep cleaning. Mantap"
1631,@aa_andri
1632,Pak sekalian sapta taruna block b141 @mnurhabibii @nauffanmuftih17 @ihza_gobah
1633,Semangat pak :''')
1634,"Dirumah aku juga atuh, deket da dari telkom"
1635,Temboknya belom tuh pak
1636,Bujang House sebelum balik nih @m.ilham88 @tongariosembiring
1637,Kenapa yg di semprot lantai ya?bukan hand rest di kursinya? Kan yg sering kepegang itu
1638,Lebih baik bertindak daripada diam aja. Btw musiknya tanda banget :')
1639,"Pak kontrakan gua dong, temen gua penyakitan semua @afifhibban @ftrfuad @rangga_alf @swalsa"
1640,Gils manteppp gercep
1641,Semua ruang kelas nya juga yoooo sampe wc wc nya :3
1642,@anaamm24
1643,university cheeeeeck
1644,Munjul di lobby a
1645,Kerennn
1646,Macdun semprot juga macdun
1647,"Merata ngak pak, ntar cuma inter doang yg di gituin alih"" sekalian promosi kelas yg keliatan banget ""UWAW"""
1648,Tolong semprot juga ruang praktikum di gedung B pak :(
1649,Unsri kpn
1650,kirain musik harvestmoon
1651,asramanyaa paak
1652,Kek merondapğŸ¤­ @daffadzak1
1653,ğŸ˜ğŸ˜â¤ï¸
1654,sekalian atuh kos aku palem 2ğŸ˜‹hihi semangat ya pak!ğŸ’›ğŸ‘
1655,Sekalian pak kontrakan kita di cijeungjing butuh bgt disemprot @_ayusername @yovitachy
1656,asrama jg dong pak ğŸ˜€
1657,Msu dong pa
1658,ManteppppğŸ˜˜
1659,"Min.. cek dm dong, butuh jawaban @telkomuniversity"
1660,Kursi nya juga dong
1661,kost saya bisa ga pa?
1662,Terima kasih ğŸ’¯ğŸ’¯ğŸ’¯ğŸ’¯ğŸ’¯
1663,Skrg gedung K uda kaya bioskop...??? ğŸ˜®ğŸ˜®ğŸ˜®
1664,Kerennnn
1665,GuuuddddddddddğŸ”¥ğŸ”¥ğŸ”¥ğŸ”¥ğŸ”¥
1666,Pak sekalian wisma kos annisa 1 PGA ğŸ˜­ @enitaambar @nelindn @bandaaw_ @atikashinta @devyrizkillah
1667,"Yg dibersihkan bukannya tempat2 yg sering berinteraksi anggota tubuh, misalnya kursi, pintu dll ?"
1668,SenenggğŸ¥°ğŸ˜
1669,"Itu yang di semprpt lantainya aja pak/bu? Kursi,meja dan peralatan lain gak sekalaian?"
1670,ğŸ™ğŸ™ğŸ™
1671,gedung B dong
1672,Makasih pak â¤ï¸â¤ï¸
1673,Mantepp cepet juga dilakukannya
1674,dikirain nyemprot kispray
1675,Keren ğŸ‘ğŸ‡®ğŸ‡©
1676,Ini take yang keberapa? ğŸ¤¥
1677,Asramanya ya pa...
1678,Sayang aku sama Telkom ğŸ’•ğŸ’•ğŸ’•
1679,sekalian pak/bu ruang lab praktikum
1680,lucu musiknya
1681,semangat bapaakkğŸ–¤
1682,warkop masboi dong
1683,ğŸ‘ğŸ‘ğŸ‘
1684,ğŸ‘ğŸ‘ğŸ‘ğŸ‘ğŸ‘
1685,Kosan maneh Lang kudu wkwk @gilangerlangga90
1686,terima kasih telkom
1687,Asrama gedung 6 kamar 406 pak ğŸ™
1688,"Punten, 2in dong kekontrakan saya sekalian wkwk"
1689,Mantap telkom
1690,"Pak temen saya juga dong di semprot, dia ga pernah mandi waktu kuliah @yovialvirian07 @adhityarakam"
1691,Heran harus ada virus dulu telkom baru di bersihin
1692,Terimakasih Telkom â¤ï¸ğŸ”¥
1693,mantaapppp ğŸ‘
1694,Sekalian semprot asrama gedung A perempuan ya...
1695,Semangat terus pak
1696,mau dong pak di kontrakan saya gba 1
1697,FightingğŸ”¥
1698,@jozunaaa @pan.sah @mlifto11 @tryanalhafizh @gaiaevanpermana si @rikoikhsan semprot juga nih ubun2nya
1699,ğŸ˜â¤ï¸
1700,Backsound andalan @yusaliano
1701,â¤ï¸â¤ï¸â¤ï¸â¤ï¸
1702,kamar kos saya dong pak sekalian
1703,Telkom gerlong dong
1704,Mencegah lebih baik dari pada mengobati âœ¨ Good!!!
1705,Chernobyl
1706,ğŸ¤©â¤ï¸
1707,@samuellasihotang kantor kalian jugalah pi
1708,Akhirnya @airafff_au
1709,ğŸ‘ğŸ‘ğŸ‘
1710,Pestisida?
1711,â¤ï¸â¤ï¸â¤ï¸
1712,ğŸ”¥ğŸ”¥ğŸ”¥
1713,backsoudnya lo-fi gini
1714,min saya mau tny sesuatu udh dm ig mention twitter email line bahkan telfon tp gaada balesan kira2 kalo mau tanya harus  lewat mana ya?
1715,Ayo ikut hel. We are an international students right? @dheaudiva
1716,Kuota gemana min? :(
